"year";"survey";"prov";"wat";"sum_pop_weight";"perc"
2001;"QUIBB 2000-2001";"Cabo Delgado";"¡Gua Canalizada Dentro Da Casa Ou No Quintal";40265,9086303711;3,29493651359076
2001;"QUIBB 2000-2001";"Cabo Delgado";"Compra De Outros, Cisterna";1929,4169921875;0,157883100462458
2001;"QUIBB 2000-2001";"Cabo Delgado";"Outras Fontes";424,618316650391;0,0347462765267274
2001;"QUIBB 2000-2001";"Cabo Delgado";"PoÁO N„O Protegido, ·Gua Da Chuva";477408,687759399;39,0660827163705
2001;"QUIBB 2000-2001";"Cabo Delgado";"PoÁO Protegido";88237,8611869812;7,22045424021163
2001;"QUIBB 2000-2001";"Cabo Delgado";"Rio, Lago, Lagoa";287818,170822144;23,5519980195227
2001;"QUIBB 2000-2001";"Cabo Delgado";"Torneira P˙Blica/Fontan·Rio";325969,493156433;26,6738991333152
2001;"QUIBB 2000-2001";"Gaza";"¡Gua Canalizada Dentro Da Casa Ou No Quintal";66288,4414138794;5,16469580682158
2001;"QUIBB 2000-2001";"Gaza";"Compra De Outros, Cisterna";38354,7234725952;2,9883110126834
2001;"QUIBB 2000-2001";"Gaza";"Outras Fontes";38932,8037414551;3,03335067083354
2001;"QUIBB 2000-2001";"Gaza";"PoÁO N„O Protegido, ·Gua Da Chuva";160216,071304321;12,4828288914574
2001;"QUIBB 2000-2001";"Gaza";"PoÁO Protegido";322894,364175797;25,1574955321832
2001;"QUIBB 2000-2001";"Gaza";"Rio, Lago, Lagoa";111413,84803772;8,68052742693974
2001;"QUIBB 2000-2001";"Gaza";"Torneira P˙Blica/Fontan·Rio";545391,436296463;42,4927906590812
2001;"QUIBB 2000-2001";"Inhambane";"¡Gua Canalizada Dentro Da Casa Ou No Quintal";26364,6295166016;2,15736105239997
2001;"QUIBB 2000-2001";"Inhambane";"Compra De Outros, Cisterna";63257,9285049438;5,17626053216996
2001;"QUIBB 2000-2001";"Inhambane";"Outras Fontes";25567,5198287964;2,09213527731829
2001;"QUIBB 2000-2001";"Inhambane";"PoÁO N„O Protegido, ·Gua Da Chuva";603065,953197479;49,3475927146049
2001;"QUIBB 2000-2001";"Inhambane";"PoÁO Protegido";324782,686584473;26,5762702293981
2001;"QUIBB 2000-2001";"Inhambane";"Rio, Lago, Lagoa";121365,863838196;9,93110817546401
2001;"QUIBB 2000-2001";"Inhambane";"Torneira P˙Blica/Fontan·Rio";57673,173538208;4,7192720186448
2001;"QUIBB 2000-2001";"Manica";"¡Gua Canalizada Dentro Da Casa Ou No Quintal";7008,8984375;1,02076630775961
2001;"QUIBB 2000-2001";"Manica";"Compra De Outros, Cisterna";2942,02905273438;0,428473056110136
2001;"QUIBB 2000-2001";"Manica";"PoÁO N„O Protegido, ·Gua Da Chuva";167704,459510803;24,4242463286035
2001;"QUIBB 2000-2001";"Manica";"PoÁO Protegido";135678,729838371;19,7600632016047
2001;"QUIBB 2000-2001";"Manica";"Rio, Lago, Lagoa";175962,591781616;25,626949329972
2001;"QUIBB 2000-2001";"Manica";"Torneira P˙Blica/Fontan·Rio";197334,343385696;28,7395017759501
2001;"QUIBB 2000-2001";"Maputo Cidade";"¡Gua Canalizada Dentro Da Casa Ou No Quintal";330675,051773071;37,9400303469313
2001;"QUIBB 2000-2001";"Maputo Cidade";"Compra De Outros, Cisterna";5314,83978271484;0,609798597033742
2001;"QUIBB 2000-2001";"Maputo Cidade";"Outras Fontes";689,868225097656;0,0791520898091537
2001;"QUIBB 2000-2001";"Maputo Cidade";"PoÁO N„O Protegido, ·Gua Da Chuva";8584,98177337646;0,984998618018753
2001;"QUIBB 2000-2001";"Maputo Cidade";"PoÁO Protegido";50081,2276763916;5,74607394076351
2001;"QUIBB 2000-2001";"Maputo Cidade";"Torneira P˙Blica/Fontan·Rio";476227,00725174;54,6399464074436
2001;"QUIBB 2000-2001";"Maputo Provincia";"¡Gua Canalizada Dentro Da Casa Ou No Quintal";249594,192436218;20,4015381613918
2001;"QUIBB 2000-2001";"Maputo Provincia";"Compra De Outros, Cisterna";327230,582134247;26,7474460997015
2001;"QUIBB 2000-2001";"Maputo Provincia";"Outras Fontes";12331,9920501709;1,0080026460625
2001;"QUIBB 2000-2001";"Maputo Provincia";"PoÁO N„O Protegido, ·Gua Da Chuva";167849,026191711;13,7197836206775
2001;"QUIBB 2000-2001";"Maputo Provincia";"PoÁO Protegido";62321,4333190918;5,09408126736359
2001;"QUIBB 2000-2001";"Maputo Provincia";"Rio, Lago, Lagoa";91695,6446762085;7,49509504141663
2001;"QUIBB 2000-2001";"Maputo Provincia";"Torneira P˙Blica/Fontan·Rio";312385,827407837;25,5340531633865
2001;"QUIBB 2000-2001";"Nampula";"¡Gua Canalizada Dentro Da Casa Ou No Quintal";92995,2147216797;3,19008433093191
2001;"QUIBB 2000-2001";"Nampula";"Compra De Outros, Cisterna";133170,083587646;4,56823287384492
2001;"QUIBB 2000-2001";"Nampula";"Outras Fontes";5957,0517578125;0,204349197192808
2001;"QUIBB 2000-2001";"Nampula";"PoÁO N„O Protegido, ·Gua Da Chuva";1371118,79676056;47,0345125013447
2001;"QUIBB 2000-2001";"Nampula";"PoÁO Protegido";114375,765136719;3,92351732605801
2001;"QUIBB 2000-2001";"Nampula";"Rio, Lago, Lagoa";645739,857208252;22,1512967791236
2001;"QUIBB 2000-2001";"Nampula";"Torneira P˙Blica/Fontan·Rio";551776,659118652;18,928006991504
2001;"QUIBB 2000-2001";"Niassa";"¡Gua Canalizada Dentro Da Casa Ou No Quintal";11802,2607421875;1,78366884844397
2001;"QUIBB 2000-2001";"Niassa";"PoÁO N„O Protegido, ·Gua Da Chuva";331142,761711121;50,0454142942751
2001;"QUIBB 2000-2001";"Niassa";"PoÁO Protegido";183538,244403839;27,738028856711
2001;"QUIBB 2000-2001";"Niassa";"Rio, Lago, Lagoa";95361,6827850342;14,4119560340552
2001;"QUIBB 2000-2001";"Niassa";"Torneira P˙Blica/Fontan·Rio";39839,5750656128;6,02093196651475
2001;"QUIBB 2000-2001";"Sofala";"¡Gua Canalizada Dentro Da Casa Ou No Quintal";86632,2206268311;6,00527637869904
2001;"QUIBB 2000-2001";"Sofala";"Compra De Outros, Cisterna";69508,5392684937;4,81827645611199
2001;"QUIBB 2000-2001";"Sofala";"Outras Fontes";6639,90899658203;0,460273191260385
2001;"QUIBB 2000-2001";"Sofala";"PoÁO N„O Protegido, ·Gua Da Chuva";337627,109100342;23,4040416881657
2001;"QUIBB 2000-2001";"Sofala";"PoÁO Protegido";201458,61870575;13,9649506320548
2001;"QUIBB 2000-2001";"Sofala";"Rio, Lago, Lagoa";344714,250778198;23,8953166918835
2001;"QUIBB 2000-2001";"Sofala";"Torneira P˙Blica/Fontan·Rio";396021,077468872;27,4518649618246
2001;"QUIBB 2000-2001";"Tete";"¡Gua Canalizada Dentro Da Casa Ou No Quintal";28587,1592178345;2,6696063331989
2001;"QUIBB 2000-2001";"Tete";"Outras Fontes";12430,475112915;1,1608175136691
2001;"QUIBB 2000-2001";"Tete";"PoÁO N„O Protegido, ·Gua Da Chuva";189919,111747742;17,7355595095639
2001;"QUIBB 2000-2001";"Tete";"PoÁO Protegido";270271,516094208;25,2392532448008
2001;"QUIBB 2000-2001";"Tete";"Rio, Lago, Lagoa";428592,328281403;40,0240116627848
2001;"QUIBB 2000-2001";"Tete";"Torneira P˙Blica/Fontan·Rio";141037,415222168;13,1707517359825
2001;"QUIBB 2000-2001";"Zambezia";"¡Gua Canalizada Dentro Da Casa Ou No Quintal";1572,99340820312;0,0706731945007194
2001;"QUIBB 2000-2001";"Zambezia";"PoÁO N„O Protegido, ·Gua Da Chuva";1717667,9453125;77,1732927510434
2001;"QUIBB 2000-2001";"Zambezia";"PoÁO Protegido";275276,353759766;12,3679216894725
2001;"QUIBB 2000-2001";"Zambezia";"Rio, Lago, Lagoa";79095,0902404785;3,55367204176831
2001;"QUIBB 2000-2001";"Zambezia";"Torneira P˙Blica/Fontan·Rio";152116,08380127;6,83444032321501
2003;"DHS 2003";"Cabo Delgado";"In Neighbor'S Land";196323807;3,69780827905499
2003;"DHS 2003";"Cabo Delgado";"In Own Land";102953259;1,93915052536594
2003;"DHS 2003";"Cabo Delgado";"Inside Neighbor'S House";176483036;3,32410236744013
2003;"DHS 2003";"Cabo Delgado";"Inside The House";107670776;2,02800614448697
2003;"DHS 2003";"Cabo Delgado";"Other";216501414;4,07785858144199
2003;"DHS 2003";"Cabo Delgado";"Protected Public Well";1243420284;23,4201337615672
2003;"DHS 2003";"Cabo Delgado";"Public Water";577682234;10,88079016086
2003;"DHS 2003";"Cabo Delgado";"River/Lake";386058597;7,27151076581839
2003;"DHS 2003";"Cabo Delgado";"Unprotected Public Well";2302100369;43,3606394139644
2003;"DHS 2003";"Gaza";"In Neighbor'S Land";118576375;4,01661723928273
2003;"DHS 2003";"Gaza";"In Own Land";47538836;1,61031494016438
2003;"DHS 2003";"Gaza";"Inside Neighbor'S House";170818792;5,78625973968803
2003;"DHS 2003";"Gaza";"Inside The House";78656355;2,66437957368947
2003;"DHS 2003";"Gaza";"Other";42368514;1,43517714835853
2003;"DHS 2003";"Gaza";"Protected Public Well";967229954;32,7636302559177
2003;"DHS 2003";"Gaza";"Public Water";128031891;4,33691028730274
2003;"DHS 2003";"Gaza";"Rainwater";44599532;1,51074992042168
2003;"DHS 2003";"Gaza";"River/Lake";437848618;14,8315404924035
2003;"DHS 2003";"Gaza";"Unprotected Public Well";916476382;31,0444204027713
2003;"DHS 2003";"Inhambane";"In Neighbor'S Land";122074470;2,45460146373703
2003;"DHS 2003";"Inhambane";"In Own Land";146203060;2,93976492446646
2003;"DHS 2003";"Inhambane";"Inside Neighbor'S House";292434091;5,88009227330833
2003;"DHS 2003";"Inhambane";"Inside The House";213679784;4,29654710421772
2003;"DHS 2003";"Inhambane";"Other";33191638;0,667397886049637
2003;"DHS 2003";"Inhambane";"Protected Public Well";978852511;19,6821891283515
2003;"DHS 2003";"Inhambane";"Public Water";133012541;2,67453774596754
2003;"DHS 2003";"Inhambane";"Rainwater";275032470;5,53019073879421
2003;"DHS 2003";"Inhambane";"River/Lake";356506130;7,16841505459107
2003;"DHS 2003";"Inhambane";"Unprotected Public Well";2422304155;48,7062636805165
2003;"DHS 2003";"Manica";"In Neighbor'S Land";454554895;10,8622368800088
2003;"DHS 2003";"Manica";"In Own Land";312005894;7,45582539285365
2003;"DHS 2003";"Manica";"Inside Neighbor'S House";128393778;3,0681522647672
2003;"DHS 2003";"Manica";"Inside The House";88390887;2,11222618695613
2003;"DHS 2003";"Manica";"Other";18981325;0,453585806058548
2003;"DHS 2003";"Manica";"Protected Public Well";1067886881;25,5186785800113
2003;"DHS 2003";"Manica";"Public Water";515944060;12,3292184468798
2003;"DHS 2003";"Manica";"River/Lake";862675233;20,6148538590984
2003;"DHS 2003";"Manica";"Unprotected Public Well";735893453;17,5852225833662
2003;"DHS 2003";"Maputo Cidade";"In Neighbor'S Land";66231070;1,62197737518687
2003;"DHS 2003";"Maputo Cidade";"In Own Land";36865512;0,90282440535356
2003;"DHS 2003";"Maputo Cidade";"Inside Neighbor'S House";1094579921;26,8059064604547
2003;"DHS 2003";"Maputo Cidade";"Inside The House";1680567882;41,1565611437308
2003;"DHS 2003";"Maputo Cidade";"Other";19741625;0,483465979025002
2003;"DHS 2003";"Maputo Cidade";"Protected Public Well";24225426;0,593272808007839
2003;"DHS 2003";"Maputo Cidade";"Public Water";1158808171;28,3788354248795
2003;"DHS 2003";"Maputo Cidade";"Unprotected Public Well";2333898;0,0571564033616531
2003;"DHS 2003";"Maputo Provincia";"In Neighbor'S Land";370062599;8,6137088520285
2003;"DHS 2003";"Maputo Provincia";"In Own Land";239158800;5,56674540514837
2003;"DHS 2003";"Maputo Provincia";"Inside Neighbor'S House";979919013;22,8089439445058
2003;"DHS 2003";"Maputo Provincia";"Inside The House";1146007302;26,6748741115735
2003;"DHS 2003";"Maputo Provincia";"Other";79522393;1,8509915413489
2003;"DHS 2003";"Maputo Provincia";"Protected Public Well";531094137;12,3619362818595
2003;"DHS 2003";"Maputo Provincia";"Public Water";318236101;7,40737682658586
2003;"DHS 2003";"Maputo Provincia";"Rainwater";4198458;0,0977248036877941
2003;"DHS 2003";"Maputo Provincia";"River/Lake";271326331;6,3154883131627
2003;"DHS 2003";"Maputo Provincia";"Unprotected Public Well";356679966;8,30220992009902
2003;"DHS 2003";"Nampula";"In Neighbor'S Land";378441946;3,19655487918658
2003;"DHS 2003";"Nampula";"In Own Land";165285862;1,39610667956099
2003;"DHS 2003";"Nampula";"Inside Neighbor'S House";988659354;8,35082874740887
2003;"DHS 2003";"Nampula";"Inside The House";63607192;0,537265707694457
2003;"DHS 2003";"Nampula";"Other";6283236;0,0530720997108518
2003;"DHS 2003";"Nampula";"Protected Public Well";624011576;5,27078794783417
2003;"DHS 2003";"Nampula";"Public Water";1476932070;12,4750822800854
2003;"DHS 2003";"Nampula";"River/Lake";1622957851;13,7085063961917
2003;"DHS 2003";"Nampula";"Unprotected Public Well";6512877657;55,011795262327
2003;"DHS 2003";"Niassa";"In Neighbor'S Land";132133455;4,67502988101153
2003;"DHS 2003";"Niassa";"In Own Land";85193157;3,01422947453169
2003;"DHS 2003";"Niassa";"Inside Neighbor'S House";43111140;1,52532050043247
2003;"DHS 2003";"Niassa";"Inside The House";37481502;1,32613759199132
2003;"DHS 2003";"Niassa";"Other";140700874;4,97815477718673
2003;"DHS 2003";"Niassa";"Protected Public Well";487373108;17,243807354477
2003;"DHS 2003";"Niassa";"Public Water";158485577;5,60739752233341
2003;"DHS 2003";"Niassa";"River/Lake";697643859;24,6834224317316
2003;"DHS 2003";"Niassa";"Unprotected Public Well";1044243327;36,9465004663043
2003;"DHS 2003";"Sofala";"In Neighbor'S Land";67839838;1,57698933455856
2003;"DHS 2003";"Sofala";"In Own Land";60199417;1,39938185812948
2003;"DHS 2003";"Sofala";"Inside Neighbor'S House";577364580;13,4212847738799
2003;"DHS 2003";"Sofala";"Inside The House";311590603;7,24316378349354
2003;"DHS 2003";"Sofala";"Other";11654352;0,270914397012433
2003;"DHS 2003";"Sofala";"Protected Public Well";822092171;19,1101662962563
2003;"DHS 2003";"Sofala";"Public Water";372101980;8,64979739232456
2003;"DHS 2003";"Sofala";"Rainwater";4925020;0,114485886780679
2003;"DHS 2003";"Sofala";"River/Lake";780603135;18,1457216689989
2003;"DHS 2003";"Sofala";"Unprotected Public Well";1293486660;30,0680946085657
2003;"DHS 2003";"Tete";"In Neighbor'S Land";23013651;0,44782800382214
2003;"DHS 2003";"Tete";"In Own Land";16128955;0,313857098179994
2003;"DHS 2003";"Tete";"Inside Neighbor'S House";107494008;2,09175097968945
2003;"DHS 2003";"Tete";"Inside The House";250767811;4,8797493375987
2003;"DHS 2003";"Tete";"Other";74210875;1,44408672979113
2003;"DHS 2003";"Tete";"Protected Public Well";1434860519;27,9212855877135
2003;"DHS 2003";"Tete";"Public Water";234517349;4,5635278063585
2003;"DHS 2003";"Tete";"River/Lake";1474480111;28,692252471569
2003;"DHS 2003";"Tete";"Unprotected Public Well";1523475336;29,6456619852775
2003;"DHS 2003";"Zambezia";"In Neighbor'S Land";173386501;1,76364255548942
2003;"DHS 2003";"Zambezia";"In Own Land";257529390;2,619522216976
2003;"DHS 2003";"Zambezia";"Inside Neighbor'S House";137536874;1,39898943998752
2003;"DHS 2003";"Zambezia";"Inside The House";125023559;1,27170724260213
2003;"DHS 2003";"Zambezia";"Other";15615383;0,158835629188146
2003;"DHS 2003";"Zambezia";"Protected Public Well";706099456;7,18226068250566
2003;"DHS 2003";"Zambezia";"Public Water";763802202;7,76919806129386
2003;"DHS 2003";"Zambezia";"River/Lake";2061575410;20,9698108183552
2003;"DHS 2003";"Zambezia";"Unprotected Public Well";5590590065;56,8660333536021
2003;"IOF 2002-2003";"Cabo Delgado";"Agua Canalizada Dentro Da Casa Ou No Quintal";37039,6624755859;2,40326394570746
2003;"IOF 2002-2003";"Cabo Delgado";"Compra De Outros, Cisterna";74150,9557495117;4,81117555026347
2003;"IOF 2002-2003";"Cabo Delgado";"Furo/Poco Protegido";429060,209518433;27,8389397514893
2003;"IOF 2002-2003";"Cabo Delgado";"Poco Nao Protegido, Agua Da Chuva";650884,784942627;42,2317006126396
2003;"IOF 2002-2003";"Cabo Delgado";"Rio, Lago, Lagoa";157674,355865479;10,2304683490007
2003;"IOF 2002-2003";"Cabo Delgado";"Torneira Publica/Fontanio";192413,272521973;12,4844517908995
2003;"IOF 2002-2003";"Gaza";"Agua Canalizada Dentro Da Casa Ou No Quintal";63024,2980041504;4,91235625162055
2003;"IOF 2002-2003";"Gaza";"Compra De Outros, Cisterna";130621,288101196;10,1811257168844
2003;"IOF 2002-2003";"Gaza";"Furo/Poco Protegido";569519,508270264;44,3905415128472
2003;"IOF 2002-2003";"Gaza";"Outras Fontes";13179,4145812988;1,02725427591242
2003;"IOF 2002-2003";"Gaza";"Poco Nao Protegido, Agua Da Chuva";318931,943786621;24,8587826840773
2003;"IOF 2002-2003";"Gaza";"Rio, Lago, Lagoa";152165,829528809;11,860390161262
2003;"IOF 2002-2003";"Gaza";"Torneira Publica/Fontanio";35532,6237792969;2,76954939739615
2003;"IOF 2002-2003";"Inhambane";"Agua Canalizada Dentro Da Casa Ou No Quintal";42125,4837036133;3,20961340313002
2003;"IOF 2002-2003";"Inhambane";"Compra De Outros, Cisterna";48799,8204345703;3,71814265301126
2003;"IOF 2002-2003";"Inhambane";"Furo/Poco Protegido";314598,601791382;23,969811148518
2003;"IOF 2002-2003";"Inhambane";"Outras Fontes";28492,7884368896;2,1709147912228
2003;"IOF 2002-2003";"Inhambane";"Poco Nao Protegido, Agua Da Chuva";722584,782836914;55,0549833494785
2003;"IOF 2002-2003";"Inhambane";"Rio, Lago, Lagoa";110050,311187744;8,3849233943993
2003;"IOF 2002-2003";"Inhambane";"Torneira Publica/Fontanio";45826,6447601318;3,49161126024011
2003;"IOF 2002-2003";"Manica";"Agua Canalizada Dentro Da Casa Ou No Quintal";16870,1518707275;1,37691847591487
2003;"IOF 2002-2003";"Manica";"Furo/Poco Protegido";382722,773841858;31,2373037595848
2003;"IOF 2002-2003";"Manica";"Outras Fontes";13794,8510742188;1,12591667592183
2003;"IOF 2002-2003";"Manica";"Poco Nao Protegido, Agua Da Chuva";325972,139465332;26,6053954287229
2003;"IOF 2002-2003";"Manica";"Rio, Lago, Lagoa";287810,56199646;23,4907002268308
2003;"IOF 2002-2003";"Manica";"Torneira Publica/Fontanio";198040,176254272;16,1637654330249
2003;"IOF 2002-2003";"Maputo Cidade";"Agua Canalizada Dentro Da Casa Ou No Quintal";409985,058559418;38,999090954784
2003;"IOF 2002-2003";"Maputo Cidade";"Compra De Outros, Cisterna";2904,7311706543;0,276307325739105
2003;"IOF 2002-2003";"Maputo Cidade";"Furo/Poco Protegido";47969,1769790649;4,56298164280921
2003;"IOF 2002-2003";"Maputo Cidade";"Outras Fontes";343153,033634186;32,6418148435284
2003;"IOF 2002-2003";"Maputo Cidade";"Torneira Publica/Fontanio";247256,243408203;23,5198052331393
2003;"IOF 2002-2003";"Maputo Provincia";"Agua Canalizada Dentro Da Casa Ou No Quintal";254834,74956131;24,9431899809774
2003;"IOF 2002-2003";"Maputo Provincia";"Compra De Outros, Cisterna";81853,9755706787;8,01185578839797
2003;"IOF 2002-2003";"Maputo Provincia";"Furo/Poco Protegido";153544,190826416;15,0288841253078
2003;"IOF 2002-2003";"Maputo Provincia";"Outras Fontes";175829,385177612;17,2101558609003
2003;"IOF 2002-2003";"Maputo Provincia";"Poco Nao Protegido, Agua Da Chuva";189306,985984802;18,5293415606537
2003;"IOF 2002-2003";"Maputo Provincia";"Rio, Lago, Lagoa";66599,2909088135;6,51872936715507
2003;"IOF 2002-2003";"Maputo Provincia";"Torneira Publica/Fontanio";99692,0425872803;9,75784331660771
2003;"IOF 2002-2003";"Nampula";"Agua Canalizada Dentro Da Casa Ou No Quintal";74514,5737304688;2,1634221831215
2003;"IOF 2002-2003";"Nampula";"Compra De Outros, Cisterna";340468,50579834;9,88500747199707
2003;"IOF 2002-2003";"Nampula";"Furo/Poco Protegido";477048,270294189;13,8504021254595
2003;"IOF 2002-2003";"Nampula";"Poco Nao Protegido, Agua Da Chuva";1472258,17752075;42,7448731311476
2003;"IOF 2002-2003";"Nampula";"Rio, Lago, Lagoa";513435,563476562;14,9068542168213
2003;"IOF 2002-2003";"Nampula";"Torneira Publica/Fontanio";566566,749755859;16,449440871453
2003;"IOF 2002-2003";"Niassa";"Agua Canalizada Dentro Da Casa Ou No Quintal";18357,8565216064;2,03652998490389
2003;"IOF 2002-2003";"Niassa";"Compra De Outros, Cisterna";722,843811035156;0,0801887243122694
2003;"IOF 2002-2003";"Niassa";"Furo/Poco Protegido";259303,899166107;28,7658946039121
2003;"IOF 2002-2003";"Niassa";"Outras Fontes";350,353515625;0,038866489616968
2003;"IOF 2002-2003";"Niassa";"Poco Nao Protegido, Agua Da Chuva";443347,116344452;49,1827406480427
2003;"IOF 2002-2003";"Niassa";"Rio, Lago, Lagoa";149219,738368988;16,5537011998264
2003;"IOF 2002-2003";"Niassa";"Torneira Publica/Fontanio";30126,438243866;3,34207834938561
2003;"IOF 2002-2003";"Sofala";"Agua Canalizada Dentro Da Casa Ou No Quintal";117123,272766113;7,64279129856694
2003;"IOF 2002-2003";"Sofala";"Compra De Outros, Cisterna";11350,802734375;0,740688117068486
2003;"IOF 2002-2003";"Sofala";"Furo/Poco Protegido";327719,615135193;21,3850976306532
2003;"IOF 2002-2003";"Sofala";"Outras Fontes";95507,3626556396;6,2322613005465
2003;"IOF 2002-2003";"Sofala";"Poco Nao Protegido, Agua Da Chuva";468362,497348785;30,5626433993232
2003;"IOF 2002-2003";"Sofala";"Rio, Lago, Lagoa";242529,797180176;15,826099969332
2003;"IOF 2002-2003";"Sofala";"Torneira Publica/Fontanio";269873,890792847;17,6104182845097
2003;"IOF 2002-2003";"Tete";"Agua Canalizada Dentro Da Casa Ou No Quintal";39548,9683074951;2,81685985484774
2003;"IOF 2002-2003";"Tete";"Furo/Poco Protegido";440211,337432861;31,3538809513891
2003;"IOF 2002-2003";"Tete";"Poco Nao Protegido, Agua Da Chuva";445515,043106079;31,7316353210267
2003;"IOF 2002-2003";"Tete";"Rio, Lago, Lagoa";373062,538238525;26,5712338977133
2003;"IOF 2002-2003";"Tete";"Torneira Publica/Fontanio";105671,199111938;7,52638997502322
2003;"IOF 2002-2003";"Zambezia";"Agua Canalizada Dentro Da Casa Ou No Quintal";44570,7108764648;1,27501067766961
2003;"IOF 2002-2003";"Zambezia";"Compra De Outros, Cisterna";51170,8609619141;1,46381766924966
2003;"IOF 2002-2003";"Zambezia";"Furo/Poco Protegido";310078,384277344;8,87024781731528
2003;"IOF 2002-2003";"Zambezia";"Outras Fontes";23348,599609375;0,667921000701497
2003;"IOF 2002-2003";"Zambezia";"Poco Nao Protegido, Agua Da Chuva";2272273,95489502;65,0017354022397
2003;"IOF 2002-2003";"Zambezia";"Rio, Lago, Lagoa";607140,031677246;17,3681327492112
2003;"IOF 2002-2003";"Zambezia";"Torneira Publica/Fontanio";187130,211883545;5,3531346836131
2008;"MICS 2008";"Cabo Delgado";"<c1>Gua Da Chuva";7,66220092773438;0,118369989444864
2008;"MICS 2008";"Cabo Delgado";"<c1>Gua Do Rio, Lagoa";1050,23174500465;16,2245706871095
2008;"MICS 2008";"Cabo Delgado";"Dentro Da Casa";30,6320350766182;0,473220906485175
2008;"MICS 2008";"Cabo Delgado";"Fora Da Casa/Quintal";91,2729508280754;1,4100358797711
2008;"MICS 2008";"Cabo Delgado";"Na Casa Do Vizinho";194,969492733479;3,0119983820049
2008;"MICS 2008";"Cabo Delgado";"Outro";6,11529922485352;0,0944725819024087
2008;"MICS 2008";"Cabo Delgado";"Po<e7>O N<e3>O Protegido";3058,97708052397;47,2567984249886
2008;"MICS 2008";"Cabo Delgado";"Proveniente De Po<e7>O Ou Furo Protegido Com Bomba Manual";1289,44341242313;19,92004706713
2008;"MICS 2008";"Cabo Delgado";"Sem Bomba Manual";413,094840943813;6,3817214431501
2008;"MICS 2008";"Cabo Delgado";"Torneira P<fa>Blica/Fontan<e1>Rio";330,695147752762;5,10876463801332
2008;"MICS 2008";"Gaza";"<c1>Gua Da Chuva";12,9290274083614;0,303810727202806
2008;"MICS 2008";"Gaza";"<c1>Gua Do Rio, Lagoa";502,315734654665;11,8035876799326
2008;"MICS 2008";"Gaza";"Dentro Da Casa";56,7667634487152;1,33392490707772
2008;"MICS 2008";"Gaza";"Fora Da Casa/Quintal";271,108696013689;6,37060526561
2008;"MICS 2008";"Gaza";"Na Casa Do Vizinho";216,632688030601;5,0905093173452
2008;"MICS 2008";"Gaza";"Outro";71,0347247123718;1,6691983619402
2008;"MICS 2008";"Gaza";"Po<e7>O N<e3>O Protegido";745,233074337244;17,5117427706556
2008;"MICS 2008";"Gaza";"Proveniente De Po<e7>O Ou Furo Protegido Com Bomba Manual";1351,2878896594;31,7530270028098
2008;"MICS 2008";"Gaza";"Sem Bomba Manual";342,533622339368;8,04897271909515
2008;"MICS 2008";"Gaza";"Sem Info";0,405104130506516;0,00951927601317096
2008;"MICS 2008";"Gaza";"Torneira P<fa>Blica/Fontan<e1>Rio";685,371799513698;16,1051019723178
2008;"MICS 2008";"Inhambane";"<c1>Gua Da Chuva";103,254322826862;2,44477653679982
2008;"MICS 2008";"Inhambane";"<c1>Gua Do Rio, Lagoa";191,043829977512;4,52338904795846
2008;"MICS 2008";"Inhambane";"Dentro Da Casa";25,5260387063026;0,604385935601502
2008;"MICS 2008";"Inhambane";"Fora Da Casa/Quintal";143,515323609114;3,3980455851628
2008;"MICS 2008";"Inhambane";"Na Casa Do Vizinho";167,025520473719;3,95470196618919
2008;"MICS 2008";"Inhambane";"Po<e7>O N<e3>O Protegido";2078,36046794057;49,2098225810214
2008;"MICS 2008";"Inhambane";"Proveniente De Po<e7>O Ou Furo Protegido Com Bomba Manual";881,768715471029;20,8778422776781
2008;"MICS 2008";"Inhambane";"Sem Bomba Manual";377,389729440212;8,93554410609755
2008;"MICS 2008";"Inhambane";"Torneira P<fa>Blica/Fontan<e1>Rio";255,58274769783;6,0514919634912
2008;"MICS 2008";"Manica";"<c1>Gua Da Chuva";0,679788690060377;0,0229301914325837
2008;"MICS 2008";"Manica";"<c1>Gua Do Rio, Lagoa";753,809977922589;25,4270295318115
2008;"MICS 2008";"Manica";"Dentro Da Casa";24,6213217377663;0,830510464538725
2008;"MICS 2008";"Manica";"Fora Da Casa/Quintal";40,8540634512901;1,37806278544264
2008;"MICS 2008";"Manica";"Na Casa Do Vizinho";54,7349071502686;1,84628240709459
2008;"MICS 2008";"Manica";"Outro";19,9248722493649;0,672092874783091
2008;"MICS 2008";"Manica";"Po<e7>O N<e3>O Protegido";1093,4090455249;36,8821651413142
2008;"MICS 2008";"Manica";"Proveniente De Po<e7>O Ou Furo Protegido Com Bomba Manual";668,956618152559;22,5648110046808
2008;"MICS 2008";"Manica";"Sem Bomba Manual";147,434653431177;4,97317015773425
2008;"MICS 2008";"Manica";"Torneira P<fa>Blica/Fontan<e1>Rio";160,175775885582;5,40294544116761
2008;"MICS 2008";"Maputo Cidade";"<c1>Gua Engarrafada/Mineral";43,1475106775761;1,18761694967066
2008;"MICS 2008";"Maputo Cidade";"Dentro Da Casa";525,146290570498;14,4544291418954
2008;"MICS 2008";"Maputo Cidade";"Fora Da Casa/Quintal";1056,95025312901;29,0921078843851
2008;"MICS 2008";"Maputo Cidade";"Na Casa Do Vizinho";880,08226493001;24,2238914487046
2008;"MICS 2008";"Maputo Cidade";"Po<e7>O N<e3>O Protegido";63,5201641619205;1,74836560487289
2008;"MICS 2008";"Maputo Cidade";"Proveniente De Po<e7>O Ou Furo Protegido Com Bomba Manual";36,0951356887817;0,993503316216521
2008;"MICS 2008";"Maputo Cidade";"Sem Bomba Manual";140,66055765748;3,8716222512222
2008;"MICS 2008";"Maputo Cidade";"Sem Info";2,30932974815369;0,0635633228479931
2008;"MICS 2008";"Maputo Cidade";"Torneira P<fa>Blica/Fontan<e1>Rio";885,2052731812;24,3649000801846
2008;"MICS 2008";"Maputo Provincia";"<c1>Gua Do Rio, Lagoa";409,017444610596;9,52494026917818
2008;"MICS 2008";"Maputo Provincia";"<c1>Gua Engarrafada/Mineral";6,69759723544121;0,155969420021499
2008;"MICS 2008";"Maputo Provincia";"Dentro Da Casa";174,179433882236;4,05618079548432
2008;"MICS 2008";"Maputo Provincia";"Fora Da Casa/Quintal";939,783515438437;21,8850857547935
2008;"MICS 2008";"Maputo Provincia";"Na Casa Do Vizinho";851,114676624537;19,8202217628827
2008;"MICS 2008";"Maputo Provincia";"Outro";8,09767937660217;0,188573649846458
2008;"MICS 2008";"Maputo Provincia";"Po<e7>O N<e3>O Protegido";441,848450690508;10,2894880311591
2008;"MICS 2008";"Maputo Provincia";"Proveniente De Po<e7>O Ou Furo Protegido Com Bomba Manual";417,580497384071;9,72435124116454
2008;"MICS 2008";"Maputo Provincia";"Sem Bomba Manual";528,797025710344;12,3142916048614
2008;"MICS 2008";"Maputo Provincia";"Torneira P<fa>Blica/Fontan<e1>Rio";517,057007715106;12,0408974706083
2008;"MICS 2008";"Nampula";"<c1>Gua Do Rio, Lagoa";1447,61349153519;12,5656002933074
2008;"MICS 2008";"Nampula";"Dentro Da Casa";238,98652164638;2,07445504207866
2008;"MICS 2008";"Nampula";"Fora Da Casa/Quintal";445,988161385059;3,87127434517661
2008;"MICS 2008";"Nampula";"Na Casa Do Vizinho";604,049253627658;5,2432790402543
2008;"MICS 2008";"Nampula";"Outro";17,3584880828857;0,150675455997834
2008;"MICS 2008";"Nampula";"Po<e7>O N<e3>O Protegido";4775,25230050646;41,4502296771404
2008;"MICS 2008";"Nampula";"Proveniente De Po<e7>O Ou Furo Protegido Com Bomba Manual";2796,14468473569;24,2711446640248
2008;"MICS 2008";"Nampula";"Sem Bomba Manual";316,680472910404;2,7488554552415
2008;"MICS 2008";"Nampula";"Torneira P<fa>Blica/Fontan<e1>Rio";878,37497459352;7,62448602677858
2008;"MICS 2008";"Niassa";"<c1>Gua Do Rio, Lagoa";892,774706318974;23,7350405911419
2008;"MICS 2008";"Niassa";"Dentro Da Casa";40,624109223485;1,08002038428483
2008;"MICS 2008";"Niassa";"Fora Da Casa/Quintal";15,6403179168701;0,415808801467818
2008;"MICS 2008";"Niassa";"Na Casa Do Vizinho";67,9019821584225;1,805221733257
2008;"MICS 2008";"Niassa";"Outro";4,5176796913147;0,120105677381076
2008;"MICS 2008";"Niassa";"Po<e7>O N<e3>O Protegido";1028,65703319013;27,3475673810232
2008;"MICS 2008";"Niassa";"Proveniente De Po<e7>O Ou Furo Protegido Com Bomba Manual";1332,90108734369;35,4361085592589
2008;"MICS 2008";"Niassa";"Sem Bomba Manual";176,39854927361;4,68967892749841
2008;"MICS 2008";"Niassa";"Sem Info";1,40953731536865;0,0374735363336459
2008;"MICS 2008";"Niassa";"Torneira P<fa>Blica/Fontan<e1>Rio";200,595598012209;5,33297440835323
2008;"MICS 2008";"Sofala";"<c1>Gua Do Rio, Lagoa";810,416717201471;12,0299948648797
2008;"MICS 2008";"Sofala";"Dentro Da Casa";179,730328008533;2,66795449441386
2008;"MICS 2008";"Sofala";"Fora Da Casa/Quintal";492,063257753849;7,30428968002543
2008;"MICS 2008";"Sofala";"Na Casa Do Vizinho";549,027518451214;8,14987905290679
2008;"MICS 2008";"Sofala";"Po<e7>O N<e3>O Protegido";2591,34550505877;38,4664734294174
2008;"MICS 2008";"Sofala";"Proveniente De Po<e7>O Ou Furo Protegido Com Bomba Manual";1072,99370929599;15,9277425291191
2008;"MICS 2008";"Sofala";"Sem Bomba Manual";100,291495919228;1,48874789388072
2008;"MICS 2008";"Sofala";"Torneira P<fa>Blica/Fontan<e1>Rio";940,765409588814;13,9649180553569
2008;"MICS 2008";"Tete";"<c1>Gua Da Chuva";3,67778515815735;0,065276965704765
2008;"MICS 2008";"Tete";"<c1>Gua Do Rio, Lagoa";1561,84882359207;27,7212364804712
2008;"MICS 2008";"Tete";"Dentro Da Casa";1,83990812301636;0,0326565077298403
2008;"MICS 2008";"Tete";"Fora Da Casa/Quintal";29,0318728983402;0,515286372105418
2008;"MICS 2008";"Tete";"Na Casa Do Vizinho";90,2227843999863;1,60136314379415
2008;"MICS 2008";"Tete";"Outro";9,344069480896;0,165847779796085
2008;"MICS 2008";"Tete";"Po<e7>O N<e3>O Protegido";2007,11226784997;35,6242121385085
2008;"MICS 2008";"Tete";"Proveniente De Po<e7>O Ou Furo Protegido Com Bomba Manual";1318,70648539066;23,4057059669647
2008;"MICS 2008";"Tete";"Sem Bomba Manual";122,216081261635;2,16921179514564
2008;"MICS 2008";"Tete";"Sem Info";5,16295492649078;0,091637226531373
2008;"MICS 2008";"Tete";"Torneira P<fa>Blica/Fontan<e1>Rio";484,960916232318;8,60756562324841
2008;"MICS 2008";"Zambezia";"<c1>Gua Da Chuva";11,952253818512;0,111519228096154
2008;"MICS 2008";"Zambezia";"<c1>Gua Do Rio, Lagoa";2650,73278543912;24,7323792324001
2008;"MICS 2008";"Zambezia";"Dentro Da Casa";28,6302714347839;0,267131690731446
2008;"MICS 2008";"Zambezia";"Fora Da Casa/Quintal";98,2711119651794;0,916908117658429
2008;"MICS 2008";"Zambezia";"Na Casa Do Vizinho";285,904682040215;2,66760310936659
2008;"MICS 2008";"Zambezia";"Po<e7>O N<e3>O Protegido";5303,12019698881;49,4801967770583
2008;"MICS 2008";"Zambezia";"Proveniente De Po<e7>O Ou Furo Protegido Com Bomba Manual";1570,91733239219;14,6572764410267
2008;"MICS 2008";"Zambezia";"Sem Bomba Manual";215,072451185435;2,00671054222421
2008;"MICS 2008";"Zambezia";"Sem Info";7,67451190948486;0,0716062139539678
2008;"MICS 2008";"Zambezia";"Torneira P<fa>Blica/Fontan<e1>Rio";545,386300742626;5,08866864748417
2009;"AIS 2009";"Cabo Delgado";"Piped Into Dwelling";42718305;2,00651178741448
2009;"AIS 2009";"Cabo Delgado";"Piped Into Neighbour'S Yard/Plot";87202846;4,09598504423547
2009;"AIS 2009";"Cabo Delgado";"Piped To Yard/Plot";25562526;1,20069159427297
2009;"AIS 2009";"Cabo Delgado";"Protected Well";113767176;5,34373214632129
2009;"AIS 2009";"Cabo Delgado";"Public Tap/Standpipe";220395245;10,3521349216127
2009;"AIS 2009";"Cabo Delgado";"River/Dam/Lake/Ponds/Stream/Canal/Irirgation Channel";266786586;12,5311720475114
2009;"AIS 2009";"Cabo Delgado";"Tube Well Or Borehole";373748425;17,5552522575532
2009;"AIS 2009";"Cabo Delgado";"Unprotected Spring";74748178;3,51097966655642
2009;"AIS 2009";"Cabo Delgado";"Unprotected Well";924054219;43,4035405345221
2009;"AIS 2009";"Gaza";"Cart With Small Tank";4035770;0,277484051267644
2009;"AIS 2009";"Gaza";"Other";18049355;1,24100435559209
2009;"AIS 2009";"Gaza";"Piped Into Dwelling";5211915;0,35835126606883
2009;"AIS 2009";"Gaza";"Piped Into Neighbour'S Yard/Plot";99098513;6,81363329967744
2009;"AIS 2009";"Gaza";"Piped To Yard/Plot";117957358;8,11029507991481
2009;"AIS 2009";"Gaza";"Protected Well";267856520;18,4167859734456
2009;"AIS 2009";"Gaza";"Public Tap/Standpipe";335380494;23,0594751909211
2009;"AIS 2009";"Gaza";"Rainwater";13778286;0,947342048432952
2009;"AIS 2009";"Gaza";"River/Dam/Lake/Ponds/Stream/Canal/Irirgation Channel";85651149;5,88904417750481
2009;"AIS 2009";"Gaza";"Tube Well Or Borehole";110837367;7,62075183347877
2009;"AIS 2009";"Gaza";"Unprotected Well";396558394;27,2658327236959
2009;"AIS 2009";"Inhambane";"Cart With Small Tank";2102114;0,130334987803905
2009;"AIS 2009";"Inhambane";"Other";3407309;0,21125951159601
2009;"AIS 2009";"Inhambane";"Piped Into Dwelling";12376257;0,767351011958909
2009;"AIS 2009";"Inhambane";"Piped Into Neighbour'S Yard/Plot";37478803;2,32375567258005
2009;"AIS 2009";"Inhambane";"Piped To Yard/Plot";44057304;2,73163500148561
2009;"AIS 2009";"Inhambane";"Protected Spring";811368;0,0503063289547943
2009;"AIS 2009";"Inhambane";"Protected Well";214222702;13,2822069842499
2009;"AIS 2009";"Inhambane";"Public Tap/Standpipe";368230058;22,8309502331753
2009;"AIS 2009";"Inhambane";"Rainwater";10371340;0,643042419397877
2009;"AIS 2009";"Inhambane";"River/Dam/Lake/Ponds/Stream/Canal/Irirgation Channel";44210272;2,74111930272445
2009;"AIS 2009";"Inhambane";"Tube Well Or Borehole";423120346;26,2342504428846
2009;"AIS 2009";"Inhambane";"Unprotected Spring";45545399;2,82389966633064
2009;"AIS 2009";"Inhambane";"Unprotected Well";406921446;25,229888436858
2009;"AIS 2009";"Manica";"Piped Into Dwelling";1809714;0,113861666551939
2009;"AIS 2009";"Manica";"Piped Into Neighbour'S Yard/Plot";14478702;0,910955620185779
2009;"AIS 2009";"Manica";"Protected Spring";20040570;1,26089133357579
2009;"AIS 2009";"Manica";"Protected Well";327710774;20,6185589958777
2009;"AIS 2009";"Manica";"Public Tap/Standpipe";103587057;6,51738061551752
2009;"AIS 2009";"Manica";"River/Dam/Lake/Ponds/Stream/Canal/Irirgation Channel";423061840;26,6177562625529
2009;"AIS 2009";"Manica";"Tube Well Or Borehole";264616663;16,6488706207681
2009;"AIS 2009";"Manica";"Unprotected Spring";60798870;3,82527883559207
2009;"AIS 2009";"Manica";"Unprotected Well";373292887;23,4864460493783
2009;"AIS 2009";"Maputo Cidade";"Bottled Water";18914123;1,48922886168904
2009;"AIS 2009";"Maputo Cidade";"Other";1981444;0,156011652912513
2009;"AIS 2009";"Maputo Cidade";"Piped Into Dwelling";197368202;15,5400502998776
2009;"AIS 2009";"Maputo Cidade";"Piped Into Neighbour'S Yard/Plot";108446059;8,53864601595498
2009;"AIS 2009";"Maputo Cidade";"Piped To Yard/Plot";453154337;35,6797149653707
2009;"AIS 2009";"Maputo Cidade";"Protected Well";10637403;0,83755020314807
2009;"AIS 2009";"Maputo Cidade";"Public Tap/Standpipe";470892313;37,0763383143437
2009;"AIS 2009";"Maputo Cidade";"Tube Well Or Borehole";8667658;0,682459686703417
2009;"AIS 2009";"Maputo Provincia";"Other";23854948;1,58667677399158
2009;"AIS 2009";"Maputo Provincia";"Piped Into Dwelling";26910493;1,78991185475495
2009;"AIS 2009";"Maputo Provincia";"Piped Into Neighbour'S Yard/Plot";216919693;14,4280942764781
2009;"AIS 2009";"Maputo Provincia";"Piped To Yard/Plot";415776066;27,6547333955114
2009;"AIS 2009";"Maputo Provincia";"Protected Spring";2372316;0,157791108904056
2009;"AIS 2009";"Maputo Provincia";"Protected Well";106050875;7,0538179426752
2009;"AIS 2009";"Maputo Provincia";"Public Tap/Standpipe";318733597;21,2000963259568
2009;"AIS 2009";"Maputo Provincia";"River/Dam/Lake/Ponds/Stream/Canal/Irirgation Channel";16861625;1,12152618229374
2009;"AIS 2009";"Maputo Provincia";"Tanker Truck";8048280;0,535319504640334
2009;"AIS 2009";"Maputo Provincia";"Tube Well Or Borehole";64611066;4,29751000777854
2009;"AIS 2009";"Maputo Provincia";"Unprotected Spring";36079422;2,39976967908044
2009;"AIS 2009";"Maputo Provincia";"Unprotected Well";267235151;17,7747529479348
2009;"AIS 2009";"Nampula";"Bottled Water";17240877;0,311632437295586
2009;"AIS 2009";"Nampula";"Cart With Small Tank";5816409;0,105132802291785
2009;"AIS 2009";"Nampula";"Piped Into Dwelling";104755907;1,89348480471844
2009;"AIS 2009";"Nampula";"Piped Into Neighbour'S Yard/Plot";170332984;3,07880410931242
2009;"AIS 2009";"Nampula";"Piped To Yard/Plot";24559958;0,443926348492436
2009;"AIS 2009";"Nampula";"Protected Spring";5291546;0,0956457944129935
2009;"AIS 2009";"Nampula";"Protected Well";79796530;1,44233887473534
2009;"AIS 2009";"Nampula";"Public Tap/Standpipe";1560198933;28,2009201827008
2009;"AIS 2009";"Nampula";"Rainwater";6683365;0,120803212289376
2009;"AIS 2009";"Nampula";"River/Dam/Lake/Ponds/Stream/Canal/Irirgation Channel";486796323;8,7989447754322
2009;"AIS 2009";"Nampula";"Tanker Truck";11765231;0,212658997096005
2009;"AIS 2009";"Nampula";"Tube Well Or Borehole";643537243;11,632069501254
2009;"AIS 2009";"Nampula";"Unprotected Spring";371658445;6,71780368578915
2009;"AIS 2009";"Nampula";"Unprotected Well";2044006052;36,9458344741795
2009;"AIS 2009";"Niassa";"Cart With Small Tank";8796910;0,600747297265266
2009;"AIS 2009";"Niassa";"Piped Into Dwelling";562186;0,038392085409578
2009;"AIS 2009";"Niassa";"Piped Into Neighbour'S Yard/Plot";5093137;0,347813980971924
2009;"AIS 2009";"Niassa";"Piped To Yard/Plot";7232364;0,493903328082089
2009;"AIS 2009";"Niassa";"Protected Spring";2985882;0,20390802468742
2009;"AIS 2009";"Niassa";"Protected Well";239971123;16,3878002121155
2009;"AIS 2009";"Niassa";"Public Tap/Standpipe";228156690;15,5809841035647
2009;"AIS 2009";"Niassa";"River/Dam/Lake/Ponds/Stream/Canal/Irirgation Channel";113850073;7,77490319307612
2009;"AIS 2009";"Niassa";"Tube Well Or Borehole";708557749;48,3879171968465
2009;"AIS 2009";"Niassa";"Unprotected Spring";9167331;0,626043613198963
2009;"AIS 2009";"Niassa";"Unprotected Well";139954408;9,55758696478199
2009;"AIS 2009";"Sofala";"Piped Into Dwelling";24922192;1,22626321896104
2009;"AIS 2009";"Sofala";"Piped Into Neighbour'S Yard/Plot";298265533;14,6757577584553
2009;"AIS 2009";"Sofala";"Piped To Yard/Plot";98408022;4,84203547702824
2009;"AIS 2009";"Sofala";"Protected Spring";2964114;0,14584527617023
2009;"AIS 2009";"Sofala";"Protected Well";116553853;5,73487689052762
2009;"AIS 2009";"Sofala";"Public Tap/Standpipe";435287248;21,4177285009751
2009;"AIS 2009";"Sofala";"River/Dam/Lake/Ponds/Stream/Canal/Irirgation Channel";78838635;3,87914988912672
2009;"AIS 2009";"Sofala";"Tube Well Or Borehole";462178404;22,7408719675748
2009;"AIS 2009";"Sofala";"Unprotected Spring";45837647;2,25538028756941
2009;"AIS 2009";"Sofala";"Unprotected Well";469113228;23,0820907336115
2009;"AIS 2009";"Tete";"Bottled Water";10812160;0,505137887362261
2009;"AIS 2009";"Tete";"Piped Into Dwelling";28457301;1,32950871122624
2009;"AIS 2009";"Tete";"Piped Into Neighbour'S Yard/Plot";90668818;4,23599495143924
2009;"AIS 2009";"Tete";"Piped To Yard/Plot";19059567;0,890451991870215
2009;"AIS 2009";"Tete";"Protected Well";139382842;6,51188609329013
2009;"AIS 2009";"Tete";"Public Tap/Standpipe";460663117;21,5219154828539
2009;"AIS 2009";"Tete";"River/Dam/Lake/Ponds/Stream/Canal/Irirgation Channel";589526318;27,5423300079699
2009;"AIS 2009";"Tete";"Tube Well Or Borehole";277933690;12,9849019061314
2009;"AIS 2009";"Tete";"Unprotected Spring";74586734;3,48464925028957
2009;"AIS 2009";"Tete";"Unprotected Well";449346801;20,9932237175671
2009;"AIS 2009";"Zambezia";"Piped Into Dwelling";22197588;0,424910908829746
2009;"AIS 2009";"Zambezia";"Piped Into Neighbour'S Yard/Plot";172375169;3,29964182232191
2009;"AIS 2009";"Zambezia";"Piped To Yard/Plot";62451102;1,19545215940755
2009;"AIS 2009";"Zambezia";"Protected Spring";11851170;0,22685759441052
2009;"AIS 2009";"Zambezia";"Protected Well";365396815;6,99450285973163
2009;"AIS 2009";"Zambezia";"Public Tap/Standpipe";37600687;0,719760276918051
2009;"AIS 2009";"Zambezia";"River/Dam/Lake/Ponds/Stream/Canal/Irirgation Channel";504295339;9,65332768646282
2009;"AIS 2009";"Zambezia";"Tube Well Or Borehole";621035858;11,8879993104945
2009;"AIS 2009";"Zambezia";"Unprotected Spring";344564842;6,59573284110859
2009;"AIS 2009";"Zambezia";"Unprotected Well";3082288412;59,0018145403147
2009;"IOF 2008-2009";"Cabo Delgado";"Agua Canalizada Dentro Da Casa";14474,066986084;0,868014456734656
2009;"IOF 2008-2009";"Cabo Delgado";"Agua Canalizada No Quintal";89791,4142150879;5,38482001667404
2009;"IOF 2008-2009";"Cabo Delgado";"Agua De Fontanario";85325,8143920898;5,11701655769594
2009;"IOF 2008-2009";"Cabo Delgado";"Agua Do Poco Ou Furo Com Bomba Manual";428714,958610535;25,7101740823866
2009;"IOF 2008-2009";"Cabo Delgado";"Agua Do Poco Protegido Sem Bomba";786664,371627808;47,1765156142728
2009;"IOF 2008-2009";"Cabo Delgado";"Agua Do Rio, Lago, Lagoa";258158,155548096;15,4818276960544
2009;"IOF 2008-2009";"Cabo Delgado";"Outro";4362,68420410156;0,26163157618166
2009;"IOF 2008-2009";"Gaza";"Agua Canalizada Dentro Da Casa";59841,7725524902;4,5795461597082
2009;"IOF 2008-2009";"Gaza";"Agua Canalizada No Quintal";141838,63420105;10,8545677182927
2009;"IOF 2008-2009";"Gaza";"Agua De Chuva";9321,89003753662;0,713381704814599
2009;"IOF 2008-2009";"Gaza";"Agua De Fontanario";142236,573974609;10,8850210869693
2009;"IOF 2008-2009";"Gaza";"Agua Do Poco Ou Furo Com Bomba Manual";332821,505310059;25,4700250594023
2009;"IOF 2008-2009";"Gaza";"Agua Do Poco Protegido Sem Bomba";435805,574699402;33,3511468806086
2009;"IOF 2008-2009";"Gaza";"Agua Do Rio, Lago, Lagoa";167232,304107666;12,7978838759105
2009;"IOF 2008-2009";"Gaza";"Outro";17620,1505126953;1,34842751429388
2009;"IOF 2008-2009";"Inhambane";"Agua Canalizada Dentro Da Casa";43353,9604644775;3,31462303314188
2009;"IOF 2008-2009";"Inhambane";"Agua Canalizada No Quintal";24199,6654205322;1,85018317906495
2009;"IOF 2008-2009";"Inhambane";"Agua De Chuva";132442,02898407;10,1258430630885
2009;"IOF 2008-2009";"Inhambane";"Agua De Fontanario";110877,36088562;8,47711836030734
2009;"IOF 2008-2009";"Inhambane";"Agua Do Poco Ou Furo Com Bomba Manual";246088,680648804;18,8146872935026
2009;"IOF 2008-2009";"Inhambane";"Agua Do Poco Protegido Sem Bomba";624565,35559082;47,7510864328074
2009;"IOF 2008-2009";"Inhambane";"Agua Do Rio, Lago, Lagoa";94770,4032592773;7,24566240633837
2009;"IOF 2008-2009";"Inhambane";"Outro";31663,0588378906;2,42079623174892
2009;"IOF 2008-2009";"Manica";"Agua Canalizada Dentro Da Casa";18062,6862945557;1,20051195170868
2009;"IOF 2008-2009";"Manica";"Agua Canalizada No Quintal";63262,5170288086;4,20465741084979
2009;"IOF 2008-2009";"Manica";"Agua De Fontanario";13841,2257537842;0,919938301133221
2009;"IOF 2008-2009";"Manica";"Agua Do Poco Ou Furo Com Bomba Manual";451958,744102478;30,0388250743086
2009;"IOF 2008-2009";"Manica";"Agua Do Poco Protegido Sem Bomba";564264,266792297;37,5030593544918
2009;"IOF 2008-2009";"Manica";"Agua Do Rio, Lago, Lagoa";393192,523485184;26,1330079075079
2009;"IOF 2008-2009";"Maputo Cidade";"Agua Canalizada Dentro Da Casa";529485,946762085;47,2013462073932
2009;"IOF 2008-2009";"Maputo Cidade";"Agua Canalizada No Quintal";396019,941604614;35,3034381422596
2009;"IOF 2008-2009";"Maputo Cidade";"Agua De Fontanario";143339,797157288;12,77811324794
2009;"IOF 2008-2009";"Maputo Cidade";"Agua Do Poco Ou Furo Com Bomba Manual";14779,9156188965;1,31756455163684
2009;"IOF 2008-2009";"Maputo Cidade";"Agua Do Poco Protegido Sem Bomba";27562,5566673279;2,45708084902207
2009;"IOF 2008-2009";"Maputo Cidade";"Agua Mineral/Agua Engarrafada";5843,17658996582;0,52089352486222
2009;"IOF 2008-2009";"Maputo Cidade";"Outro";4728,93157958984;0,421563476885991
2009;"IOF 2008-2009";"Maputo Provincia";"Agua Canalizada Dentro Da Casa";175535,86589241;13,4000977441122
2009;"IOF 2008-2009";"Maputo Provincia";"Agua Canalizada No Quintal";348421,517745972;26,597882832729
2009;"IOF 2008-2009";"Maputo Provincia";"Agua De Chuva";1211,673828125;0,0924970384161227
2009;"IOF 2008-2009";"Maputo Provincia";"Agua De Fontanario";118001,899780273;9,00805646189579
2009;"IOF 2008-2009";"Maputo Provincia";"Agua Do Poco Ou Furo Com Bomba Manual";177844,184997559;13,5763107446653
2009;"IOF 2008-2009";"Maputo Provincia";"Agua Do Poco Protegido Sem Bomba";206420,943023682;15,7578099432086
2009;"IOF 2008-2009";"Maputo Provincia";"Agua Do Rio, Lago, Lagoa";122492,31072998;9,35084649703417
2009;"IOF 2008-2009";"Maputo Provincia";"Outro";160031,197166443;12,2164987379388
2009;"IOF 2008-2009";"Nampula";"Agua Canalizada Dentro Da Casa";146304,189102173;3,53399004255216
2009;"IOF 2008-2009";"Nampula";"Agua Canalizada No Quintal";202647,183073044;4,89495981985349
2009;"IOF 2008-2009";"Nampula";"Agua De Fontanario";298662,558115959;7,21421931212003
2009;"IOF 2008-2009";"Nampula";"Agua Do Poco Ou Furo Com Bomba Manual";982812,737541199;23,7399246698155
2009;"IOF 2008-2009";"Nampula";"Agua Do Poco Protegido Sem Bomba";1657797,88712311;40,0442479576962
2009;"IOF 2008-2009";"Nampula";"Agua Do Rio, Lago, Lagoa";840985,68977356;20,3140803542753
2009;"IOF 2008-2009";"Nampula";"Outro";10704,9033203125;0,258577843687362
2009;"IOF 2008-2009";"Niassa";"Agua Canalizada Dentro Da Casa";16184,7746734619;1,27846822273118
2009;"IOF 2008-2009";"Niassa";"Agua Canalizada No Quintal";55433,9872741699;4,37884324120476
2009;"IOF 2008-2009";"Niassa";"Agua De Fontanario";18624,8728179932;1,47121653100659
2009;"IOF 2008-2009";"Niassa";"Agua Do Poco Ou Furo Com Bomba Manual";438616,760910034;34,6472287748453
2009;"IOF 2008-2009";"Niassa";"Agua Do Poco Protegido Sem Bomba";414596,809707642;32,7498440448517
2009;"IOF 2008-2009";"Niassa";"Agua Do Rio, Lago, Lagoa";322493,280181885;25,4743991853605
2009;"IOF 2008-2009";"Sofala";"Agua Canalizada Dentro Da Casa";105583,69972229;6,16003723567606
2009;"IOF 2008-2009";"Sofala";"Agua Canalizada No Quintal";158910,443969727;9,27126303175635
2009;"IOF 2008-2009";"Sofala";"Agua De Chuva";5107,953125;0,298011734110935
2009;"IOF 2008-2009";"Sofala";"Agua De Fontanario";138319,592010498;8,06993730518339
2009;"IOF 2008-2009";"Sofala";"Agua Do Poco Ou Furo Com Bomba Manual";436795,450927734;25,4838223055819
2009;"IOF 2008-2009";"Sofala";"Agua Do Poco Protegido Sem Bomba";576333,047103882;33,6248212522246
2009;"IOF 2008-2009";"Sofala";"Agua Do Rio, Lago, Lagoa";255046,583007812;14,8801041476329
2009;"IOF 2008-2009";"Sofala";"Outro";37913,96875;2,21200298783386
2009;"IOF 2008-2009";"Tete";"Agua Canalizada Dentro Da Casa";4917,6611328125;0,255415160059691
2009;"IOF 2008-2009";"Tete";"Agua Canalizada No Quintal";103919,744430542;5,3974191064094
2009;"IOF 2008-2009";"Tete";"Agua De Fontanario";179648,470596313;9,33064349751031
2009;"IOF 2008-2009";"Tete";"Agua Do Poco Ou Furo Com Bomba Manual";677536,737962723;35,1901340290394
2009;"IOF 2008-2009";"Tete";"Agua Do Poco Protegido Sem Bomba";534009,075658798;27,7355453840947
2009;"IOF 2008-2009";"Tete";"Agua Do Rio, Lago, Lagoa";420543,50312233;21,842331803904
2009;"IOF 2008-2009";"Tete";"Agua Mineral/Agua Engarrafada";996,284057617188;0,0517453409596116
2009;"IOF 2008-2009";"Tete";"Outro";3788,44750976562;0,196765678022862
2009;"IOF 2008-2009";"Zambezia";"Agua Canalizada Dentro Da Casa";19107,1027832031;0,474684979041729
2009;"IOF 2008-2009";"Zambezia";"Agua Canalizada No Quintal";156781,109710693;3,89497238914645
2009;"IOF 2008-2009";"Zambezia";"Agua De Fontanario";159206,699142456;3,95523222454087
2009;"IOF 2008-2009";"Zambezia";"Agua Do Poco Ou Furo Com Bomba Manual";505981,653438568;12,5702935334146
2009;"IOF 2008-2009";"Zambezia";"Agua Do Poco Protegido Sem Bomba";2635860,37909222;65,4836760446085
2009;"IOF 2008-2009";"Zambezia";"Agua Do Rio, Lago, Lagoa";536575,765449524;13,3303546260616
2009;"IOF 2008-2009";"Zambezia";"Agua Mineral/Agua Engarrafada";3812,03637695312;0,0947038610841111
2009;"IOF 2008-2009";"Zambezia";"Outro";7892,74072265625;0,196082342102093
2011;"DHS 2011";"Cabo Delgado";"Borehole With Pump";485498252;10,0487294512321
2011;"DHS 2011";"Cabo Delgado";"Neighbor'S House";154524964;3,19832162175813
2011;"DHS 2011";"Cabo Delgado";"Piped Into Dwelling";25929688;0,536686627384312
2011;"DHS 2011";"Cabo Delgado";"Piped To Yard/Plot";157802435;3,2661579511941
2011;"DHS 2011";"Cabo Delgado";"Protected Well";412347589;8,53467410986443
2011;"DHS 2011";"Cabo Delgado";"Public Tap/Standpipe";568086800;11,7581279324898
2011;"DHS 2011";"Cabo Delgado";"Rainwater";26379639;0,545999608114285
2011;"DHS 2011";"Cabo Delgado";"River/Dam/Lake/Ponds/Stream/Canal/Irrigation Channel";397576759;8,22895091965995
2011;"DHS 2011";"Cabo Delgado";"Tanker Truck";22126874;0,457976871207152
2011;"DHS 2011";"Cabo Delgado";"Unprotected Well";2581166182;53,4243749070958
2011;"DHS 2011";"Gaza";"Borehole With Pump";461363898;13,6167812363159
2011;"DHS 2011";"Gaza";"Neighbor'S House";316467669;9,34028656299379
2011;"DHS 2011";"Gaza";"Piped Into Dwelling";82625028;2,43861068409925
2011;"DHS 2011";"Gaza";"Piped To Yard/Plot";518679999;15,30841946813
2011;"DHS 2011";"Gaza";"Protected Well";201844206;5,95726802386234
2011;"DHS 2011";"Gaza";"Public Tap/Standpipe";654455067;19,3157104727286
2011;"DHS 2011";"Gaza";"Rainwater";138925789;4,10028197935762
2011;"DHS 2011";"Gaza";"River/Dam/Lake/Ponds/Stream/Canal/Irrigation Channel";282366855;8,33382869702028
2011;"DHS 2011";"Gaza";"Unprotected Well";731472342;21,5888128754922
2011;"DHS 2011";"Inhambane";"Borehole With Pump";527715643;14,6087911177115
2011;"DHS 2011";"Inhambane";"Neighbor'S House";105032497;2,90762237124863
2011;"DHS 2011";"Inhambane";"Piped Into Dwelling";21952260;0,607706034785277
2011;"DHS 2011";"Inhambane";"Piped To Yard/Plot";446265183;12,3539920183004
2011;"DHS 2011";"Inhambane";"Protected Well";420296676;11,6351039212087
2011;"DHS 2011";"Inhambane";"Public Tap/Standpipe";430302496;11,9120957752125
2011;"DHS 2011";"Inhambane";"Rainwater";264359000;7,31826972028397
2011;"DHS 2011";"Inhambane";"River/Dam/Lake/Ponds/Stream/Canal/Irrigation Channel";297948921;8,24814198398988
2011;"DHS 2011";"Inhambane";"Tanker Truck";19574321;0,541877373834137
2011;"DHS 2011";"Inhambane";"Unprotected Well";1078868620;29,866399683425
2011;"DHS 2011";"Manica";"Borehole With Pump";875249480;21,8725170453526
2011;"DHS 2011";"Manica";"Bottled Water";2748216;0,0686780200135746
2011;"DHS 2011";"Manica";"Neighbor'S House";312283042;7,80396482968441
2011;"DHS 2011";"Manica";"Other";20279549;0,506786683466026
2011;"DHS 2011";"Manica";"Piped Into Dwelling";77143055;1,92780781248573
2011;"DHS 2011";"Manica";"Piped To Yard/Plot";164914093;4,12120931527016
2011;"DHS 2011";"Manica";"Protected Well";566497796;14,1568009833776
2011;"DHS 2011";"Manica";"Public Tap/Standpipe";1362653174;34,0527534791781
2011;"DHS 2011";"Manica";"River/Dam/Lake/Ponds/Stream/Canal/Irrigation Channel";211886568;5,29505321186968
2011;"DHS 2011";"Manica";"Tanker Truck";4579253;0,114435702718135
2011;"DHS 2011";"Manica";"Unprotected Well";403360461;10,079992916584
2011;"DHS 2011";"Maputo Cidade";"Borehole With Pump";27572698;0,88552683087511
2011;"DHS 2011";"Maputo Cidade";"Bottled Water";47219652;1,51650987475312
2011;"DHS 2011";"Maputo Cidade";"Neighbor'S House";456054148;14,6466691212405
2011;"DHS 2011";"Maputo Cidade";"Piped Into Dwelling";830709072;26,6791146774017
2011;"DHS 2011";"Maputo Cidade";"Piped To Yard/Plot";1300311626;41,7609054188981
2011;"DHS 2011";"Maputo Cidade";"Protected Well";41857907;1,34431167137779
2011;"DHS 2011";"Maputo Cidade";"Public Tap/Standpipe";380149031;12,2088947074267
2011;"DHS 2011";"Maputo Cidade";"River/Dam/Lake/Ponds/Stream/Canal/Irrigation Channel";2356920;0,0756950189722516
2011;"DHS 2011";"Maputo Cidade";"Unprotected Well";27474487;0,882372679054818
2011;"DHS 2011";"Maputo Provincia";"Borehole With Pump";181402740;4,41832173234303
2011;"DHS 2011";"Maputo Provincia";"Bottled Water";30092484;0,732945246788361
2011;"DHS 2011";"Maputo Provincia";"Neighbor'S House";678393521;16,5232390476296
2011;"DHS 2011";"Maputo Provincia";"Other";91262238;2,22282160400478
2011;"DHS 2011";"Maputo Provincia";"Piped Into Dwelling";165906661;4,04089268903418
2011;"DHS 2011";"Maputo Provincia";"Piped To Yard/Plot";1766042824;43,0144847289939
2011;"DHS 2011";"Maputo Provincia";"Protected Well";183259104;4,4635361177726
2011;"DHS 2011";"Maputo Provincia";"Public Tap/Standpipe";480591288;11,7054843391292
2011;"DHS 2011";"Maputo Provincia";"River/Dam/Lake/Ponds/Stream/Canal/Irrigation Channel";136677330;3,32897076117825
2011;"DHS 2011";"Maputo Provincia";"Tanker Truck";18922597;0,460886762556448
2011;"DHS 2011";"Maputo Provincia";"Unprotected Well";373142528;9,08841697056956
2011;"DHS 2011";"Nampula";"Borehole With Pump";141504553;1,51755004842945
2011;"DHS 2011";"Nampula";"Bottled Water";8373522;0,0898009176893767
2011;"DHS 2011";"Nampula";"Neighbor'S House";577965619;6,19832884885341
2011;"DHS 2011";"Nampula";"Piped Into Dwelling";131024441;1,40515723748473
2011;"DHS 2011";"Nampula";"Piped To Yard/Plot";360205896;3,86298859881472
2011;"DHS 2011";"Nampula";"Protected Well";551144581;5,91068957044921
2011;"DHS 2011";"Nampula";"Public Tap/Standpipe";2219432574;23,802061055658
2011;"DHS 2011";"Nampula";"River/Dam/Lake/Ponds/Stream/Canal/Irrigation Channel";1181231856;12,6679913986881
2011;"DHS 2011";"Nampula";"Tanker Truck";8681964;0,0931087700666616
2011;"DHS 2011";"Nampula";"Unprotected Well";4144974448;44,4523235538663
2011;"DHS 2011";"Niassa";"Borehole With Pump";654814865;18,0405203612772
2011;"DHS 2011";"Niassa";"Neighbor'S House";74364942;2,04879626597389
2011;"DHS 2011";"Niassa";"Piped Into Dwelling";33391830;0,919963826745603
2011;"DHS 2011";"Niassa";"Piped To Yard/Plot";69099793;1,9037384292987
2011;"DHS 2011";"Niassa";"Protected Well";402257372;11,0824184023981
2011;"DHS 2011";"Niassa";"Public Tap/Standpipe";409171849;11,2729161595101
2011;"DHS 2011";"Niassa";"River/Dam/Lake/Ponds/Stream/Canal/Irrigation Channel";854812100;23,5505574466702
2011;"DHS 2011";"Niassa";"Unprotected Well";1131776703;31,1810891081262
2011;"DHS 2011";"Sofala";"Borehole With Pump";975507915;17,4436321584561
2011;"DHS 2011";"Sofala";"Bottled Water";14024331;0,250777330937835
2011;"DHS 2011";"Sofala";"Neighbor'S House";401732949;7,18362371082126
2011;"DHS 2011";"Sofala";"Other";9142050;0,163474385929727
2011;"DHS 2011";"Sofala";"Piped Into Dwelling";238777786;4,26972636771948
2011;"DHS 2011";"Sofala";"Piped To Yard/Plot";422094679;7,54772380961933
2011;"DHS 2011";"Sofala";"Protected Well";186254086;3,33051912161415
2011;"DHS 2011";"Sofala";"Public Tap/Standpipe";1344444944;24,0408126882621
2011;"DHS 2011";"Sofala";"River/Dam/Lake/Ponds/Stream/Canal/Irrigation Channel";652997302;11,6766297447748
2011;"DHS 2011";"Sofala";"Unprotected Well";1347367950;24,0930806818652
2011;"DHS 2011";"Tete";"Borehole With Pump";1469119980;19,530908964038
2011;"DHS 2011";"Tete";"Bottled Water";2877384;0,038252781068691
2011;"DHS 2011";"Tete";"Neighbor'S House";270813247;3,60027019264454
2011;"DHS 2011";"Tete";"Other";24999076;0,332344998494315
2011;"DHS 2011";"Tete";"Piped Into Dwelling";142163877;1,88996799271745
2011;"DHS 2011";"Tete";"Piped To Yard/Plot";202592556;2,693324454023
2011;"DHS 2011";"Tete";"Protected Well";370866673;4,93040958312926
2011;"DHS 2011";"Tete";"Public Tap/Standpipe";848531177;11,2806206414367
2011;"DHS 2011";"Tete";"River/Dam/Lake/Ponds/Stream/Canal/Irrigation Channel";2294396180;30,5023711671368
2011;"DHS 2011";"Tete";"Unprotected Well";1895665490;25,2015292253112
2011;"DHS 2011";"Zambezia";"Borehole With Pump";1583699317;13,8124227113527
2011;"DHS 2011";"Zambezia";"Neighbor'S House";295606993;2,5781716894861
2011;"DHS 2011";"Zambezia";"Piped Into Dwelling";20008855;0,174509618248552
2011;"DHS 2011";"Zambezia";"Piped To Yard/Plot";202024989;1,76198506646472
2011;"DHS 2011";"Zambezia";"Protected Well";560812487;4,89119307503558
2011;"DHS 2011";"Zambezia";"Public Tap/Standpipe";294312070;2,56687786390781
2011;"DHS 2011";"Zambezia";"River/Dam/Lake/Ponds/Stream/Canal/Irrigation Channel";3086417542;26,9185591584353
2011;"DHS 2011";"Zambezia";"Unprotected Well";5422878317;47,2962808170693
2015;"AIS 2015";"Cabo Delgado";"Borehole With Pump";108716454;3,29448909652756
2015;"AIS 2015";"Cabo Delgado";"Bottled Water";4989636;0,151203436028564
2015;"AIS 2015";"Cabo Delgado";"Neighbor'S House";151875286;4,60235277503628
2015;"AIS 2015";"Cabo Delgado";"Other";866466;0,0262569526919251
2015;"AIS 2015";"Cabo Delgado";"Piped Into Dwelling";39721665;1,20370548728917
2015;"AIS 2015";"Cabo Delgado";"Piped To Yard/Plot";154219324;4,67338533127516
2015;"AIS 2015";"Cabo Delgado";"Protected Well";677075725;20,5177644364301
2015;"AIS 2015";"Cabo Delgado";"Public Tap/Standpipe";643094763;19,4880223442302
2015;"AIS 2015";"Cabo Delgado";"Rainwater";15609002;0,47300739680745
2015;"AIS 2015";"Cabo Delgado";"River/Dam/Lake/Ponds/Stream/Canal/Irrigation Channel";288220678;8,73409540256694
2015;"AIS 2015";"Cabo Delgado";"Tanker Truck";22195194;0,672592068062796
2015;"AIS 2015";"Cabo Delgado";"Unprotected Well";1193364625;36,1631252730539
2015;"AIS 2015";"Gaza";"Borehole With Pump";391991649;14,3129174881717
2015;"AIS 2015";"Gaza";"Bottled Water";2733238;0,0997996004999979
2015;"AIS 2015";"Gaza";"Neighbor'S House";180920044;6,60599190909904
2015;"AIS 2015";"Gaza";"Piped Into Dwelling";40770886;1,48868050818515
2015;"AIS 2015";"Gaza";"Piped To Yard/Plot";887770393;32,4154466450145
2015;"AIS 2015";"Gaza";"Protected Well";145514569;5,31322038297777
2015;"AIS 2015";"Gaza";"Public Tap/Standpipe";423687773;15,4702482850501
2015;"AIS 2015";"Gaza";"Rainwater";51830384;1,8924995250913
2015;"AIS 2015";"Gaza";"River/Dam/Lake/Ponds/Stream/Canal/Irrigation Channel";260984139;9,52939802865171
2015;"AIS 2015";"Gaza";"Tanker Truck";6258498;0,228518555694761
2015;"AIS 2015";"Gaza";"Unprotected Well";346264821;12,6432790715639
2015;"AIS 2015";"Inhambane";"Borehole With Pump";599550909;27,2026313450385
2015;"AIS 2015";"Inhambane";"Neighbor'S House";63796901;2,89457250886916
2015;"AIS 2015";"Inhambane";"Other";1464157;0,0664312613063814
2015;"AIS 2015";"Inhambane";"Piped Into Dwelling";124175367;5,63404488247695
2015;"AIS 2015";"Inhambane";"Piped To Yard/Plot";185719532;8,42640697684118
2015;"AIS 2015";"Inhambane";"Protected Well";164797953;7,47715981175499
2015;"AIS 2015";"Inhambane";"Public Tap/Standpipe";277717363;12,6005030271837
2015;"AIS 2015";"Inhambane";"Rainwater";14311196;0,649322990009159
2015;"AIS 2015";"Inhambane";"River/Dam/Lake/Ponds/Stream/Canal/Irrigation Channel";124739367;5,65963450939319
2015;"AIS 2015";"Inhambane";"Tanker Truck";8784942;0,398587567838288
2015;"AIS 2015";"Inhambane";"Unprotected Well";638960378;28,9907051192886
2015;"AIS 2015";"Manica";"Borehole With Pump";670781055;26,8938299082336
2015;"AIS 2015";"Manica";"Neighbor'S House";107711251;4,31850011565556
2015;"AIS 2015";"Manica";"Piped Into Dwelling";20631829;0,827198227626988
2015;"AIS 2015";"Manica";"Piped To Yard/Plot";413722440;16,5875002694872
2015;"AIS 2015";"Manica";"Protected Well";122502988;4,91154974930289
2015;"AIS 2015";"Manica";"Public Tap/Standpipe";238741970;9,57195479102582
2015;"AIS 2015";"Manica";"River/Dam/Lake/Ponds/Stream/Canal/Irrigation Channel";300675651;12,0550807976254
2015;"AIS 2015";"Manica";"Unprotected Well";619414780;24,8343861410426
2015;"AIS 2015";"Maputo Cidade";"Borehole With Pump";93173167;5,64029584495775
2015;"AIS 2015";"Maputo Cidade";"Bottled Water";61800696;3,74114372289499
2015;"AIS 2015";"Maputo Cidade";"Neighbor'S House";154583930;9,35783473020982
2015;"AIS 2015";"Maputo Cidade";"Piped Into Dwelling";319694445;19,3529028565657
2015;"AIS 2015";"Maputo Cidade";"Piped To Yard/Plot";990948820;59,9877056021052
2015;"AIS 2015";"Maputo Cidade";"Protected Well";16818799;1,01813649971649
2015;"AIS 2015";"Maputo Cidade";"Public Tap/Standpipe";11278967;0,682779310329932
2015;"AIS 2015";"Maputo Cidade";"River/Dam/Lake/Ponds/Stream/Canal/Irrigation Channel";3621032;0,219201433220136
2015;"AIS 2015";"Maputo Provincia";"Borehole With Pump";23164613;1,3517480568936
2015;"AIS 2015";"Maputo Provincia";"Neighbor'S House";231035555;13,4818510693265
2015;"AIS 2015";"Maputo Provincia";"Piped Into Dwelling";292966240;17,0957548764326
2015;"AIS 2015";"Maputo Provincia";"Piped To Yard/Plot";921616490;53,7800178038201
2015;"AIS 2015";"Maputo Provincia";"Protected Well";36076811;2,10522658712959
2015;"AIS 2015";"Maputo Provincia";"Public Tap/Standpipe";112248662;6,55015953633272
2015;"AIS 2015";"Maputo Provincia";"Rainwater";1770945;0,103341742105316
2015;"AIS 2015";"Maputo Provincia";"River/Dam/Lake/Ponds/Stream/Canal/Irrigation Channel";6893692;0,40227457138278
2015;"AIS 2015";"Maputo Provincia";"Tanker Truck";324362;0,0189278233670523
2015;"AIS 2015";"Maputo Provincia";"Unprotected Well";87580921;5,11069793320968
2015;"AIS 2015";"Nampula";"Borehole With Pump";503452011;7,33764869021252
2015;"AIS 2015";"Nampula";"Bottled Water";14455350;0,210682006778325
2015;"AIS 2015";"Nampula";"Neighbor'S House";619150010;9,02390925184241
2015;"AIS 2015";"Nampula";"Piped Into Dwelling";185988364;2,71071968267373
2015;"AIS 2015";"Nampula";"Piped To Yard/Plot";256541684;3,73901128699139
2015;"AIS 2015";"Nampula";"Protected Well";1095400954;15,9651112713018
2015;"AIS 2015";"Nampula";"Public Tap/Standpipe";1911457188;27,8588644507877
2015;"AIS 2015";"Nampula";"River/Dam/Lake/Ponds/Stream/Canal/Irrigation Channel";1024265758;14,9283390142586
2015;"AIS 2015";"Nampula";"Unprotected Well";1250505840;18,2257143451536
2015;"AIS 2015";"Niassa";"Borehole With Pump";229770205;12,3283838268991
2015;"AIS 2015";"Niassa";"Neighbor'S House";56901217;3,05305051798895
2015;"AIS 2015";"Niassa";"Piped Into Dwelling";22722678;1,21919156558631
2015;"AIS 2015";"Niassa";"Piped To Yard/Plot";35128873;1,88484938571732
2015;"AIS 2015";"Niassa";"Protected Well";420181465;22,5449525862972
2015;"AIS 2015";"Niassa";"Public Tap/Standpipe";225795527;12,115121380742
2015;"AIS 2015";"Niassa";"River/Dam/Lake/Ponds/Stream/Canal/Irrigation Channel";387635760;20,7987037932605
2015;"AIS 2015";"Niassa";"Unprotected Well";485613881;26,0557469435087
2015;"AIS 2015";"Sofala";"Borehole With Pump";759481756;25,2539348973152
2015;"AIS 2015";"Sofala";"Bottled Water";1653083;0,0549675487686877
2015;"AIS 2015";"Sofala";"Neighbor'S House";246970277;8,21214103914553
2015;"AIS 2015";"Sofala";"Piped Into Dwelling";110801647;3,68432494625099
2015;"AIS 2015";"Sofala";"Piped To Yard/Plot";422937388;14,0633177529449
2015;"AIS 2015";"Sofala";"Protected Well";258716223;8,60271178458867
2015;"AIS 2015";"Sofala";"Public Tap/Standpipe";530160820;17,6286615545605
2015;"AIS 2015";"Sofala";"Rainwater";4009884;0,133334801898501
2015;"AIS 2015";"Sofala";"River/Dam/Lake/Ponds/Stream/Canal/Irrigation Channel";250936952;8,34403907542806
2015;"AIS 2015";"Sofala";"Tanker Truck";5012355;0,166668502373127
2015;"AIS 2015";"Sofala";"Unprotected Well";416699491;13,8558980967258
2015;"AIS 2015";"Tete";"Borehole With Pump";591154534;24,6466733540891
2015;"AIS 2015";"Tete";"Bottled Water";8478296;0,353480824544062
2015;"AIS 2015";"Tete";"Neighbor'S House";51386186;2,1424153388198
2015;"AIS 2015";"Tete";"Piped Into Dwelling";25616249;1,06800385575663
2015;"AIS 2015";"Tete";"Piped To Yard/Plot";90460531;3,77152001847702
2015;"AIS 2015";"Tete";"Protected Well";155573879;6,48625419853684
2015;"AIS 2015";"Tete";"Public Tap/Standpipe";23099051;0,963055735924451
2015;"AIS 2015";"Tete";"River/Dam/Lake/Ponds/Stream/Canal/Irrigation Channel";1056425958;44,0449730350993
2015;"AIS 2015";"Tete";"Unprotected Well";396321844;16,5236236387528
2015;"AIS 2015";"Zambezia";"Borehole With Pump";603186813;16,0085610783615
2015;"AIS 2015";"Zambezia";"Neighbor'S House";83005068;2,2029521737763
2015;"AIS 2015";"Zambezia";"Piped Into Dwelling";18837076;0,499935468058281
2015;"AIS 2015";"Zambezia";"Piped To Yard/Plot";58914232;1,56358206285382
2015;"AIS 2015";"Zambezia";"Protected Well";540023691;14,3322135942248
2015;"AIS 2015";"Zambezia";"Public Tap/Standpipe";334096214;8,86690413748873
2015;"AIS 2015";"Zambezia";"River/Dam/Lake/Ponds/Stream/Canal/Irrigation Channel";985351913;26,1512121004225
2015;"AIS 2015";"Zambezia";"Tanker Truck";9112789;0,241853164155167
2015;"AIS 2015";"Zambezia";"Unprotected Well";1135373704;30,1327862206589
2015;"IOF 2014-2015";"Cabo Delgado";"<c1>Gua Canalizada Dentro  Da Casa";7711,60336303711;0,412901973950361
2015;"IOF 2014-2015";"Cabo Delgado";"<c1>Gua Canalizada Na Casa Do Vizinho";114667,058776855;6,13961230721273
2015;"IOF 2014-2015";"Cabo Delgado";"<c1>Gua Canalizada No Quintal";91864,0993652344;4,91867464876187
2015;"IOF 2014-2015";"Cabo Delgado";"<c1>Gua Da Chuva";28372,6428222656;1,51915492485705
2015;"IOF 2014-2015";"Cabo Delgado";"<c1>Gua Da Cisterna (Ou Tanque M<d3>Vel Ou Cami<c3>O)";2076,044921875;0,1111575642441
2015;"IOF 2014-2015";"Cabo Delgado";"<c1>Gua De Nascentes N<c3>O Protegidas";71127,9574584961;3,8084004914516
2015;"IOF 2014-2015";"Cabo Delgado";"<c1>Gua Do  Furo";347666,576904297;18,6150932720966
2015;"IOF 2014-2015";"Cabo Delgado";"<c1>Gua Do Fontan<c1>Rio";120707,083175659;6,46301301645152
2015;"IOF 2014-2015";"Cabo Delgado";"<c1>Gua Do Po<c7>O Com Bomba Manual";166522,997741699;8,91613212438352
2015;"IOF 2014-2015";"Cabo Delgado";"<c1>Gua Do Po<c7>O N<c3>O Protegido";558266,069259644;29,8912108332337
2015;"IOF 2014-2015";"Cabo Delgado";"<c1>Gua Do Po<c7>O Protegido Sem Bomba";104150,986419678;5,57655079716465
2015;"IOF 2014-2015";"Cabo Delgado";"<c1>Gua Do Rio, Lago, Lagoa";253578,039520264;13,5773156552937
2015;"IOF 2014-2015";"Cabo Delgado";"<c1>Gua Em Garrafa";948,442199707031;0,0507823908986191
2015;"IOF 2014-2015";"Gaza";"<c1>Gua Canalizada Dentro  Da Casa";28357,1315155029;2,02615751383315
2015;"IOF 2014-2015";"Gaza";"<c1>Gua Canalizada Na Casa Do Vizinho";90543,0972442627;6,46943350764846
2015;"IOF 2014-2015";"Gaza";"<c1>Gua Canalizada No Quintal";336429,96937561;24,0384014143456
2015;"IOF 2014-2015";"Gaza";"<c1>Gua Da Chuva";34640,021484375;2,47507896810851
2015;"IOF 2014-2015";"Gaza";"<c1>Gua Da Cisterna (Ou Tanque M<d3>Vel Ou Cami<c3>O)";524,848815917969;0,0375011968829515
2015;"IOF 2014-2015";"Gaza";"<c1>Gua Do  Furo";186983,882888794;13,3602652677936
2015;"IOF 2014-2015";"Gaza";"<c1>Gua Do Fontan<c1>Rio";214555,922943115;15,3303268763604
2015;"IOF 2014-2015";"Gaza";"<c1>Gua Do Po<c7>O Com Bomba Manual";193610,445373535;13,8337426137657
2015;"IOF 2014-2015";"Gaza";"<c1>Gua Do Po<c7>O N<c3>O Protegido";177408,765106201;12,6761094380535
2015;"IOF 2014-2015";"Gaza";"<c1>Gua Do Po<c7>O Protegido Sem Bomba";59046,4776763916;4,21895509226652
2015;"IOF 2014-2015";"Gaza";"<c1>Gua Do Rio, Lago, Lagoa";52783,7171325684;3,7714719141366
2015;"IOF 2014-2015";"Gaza";"<c1>Gua Em Garrafa";524,848815917969;0,0375011968829515
2015;"IOF 2014-2015";"Gaza";"Outro";24143,0447387695;1,72505499992213
2015;"IOF 2014-2015";"Inhambane";"<c1>Gua Canalizada Dentro  Da Casa";10456,7452697754;0,70533207209433
2015;"IOF 2014-2015";"Inhambane";"<c1>Gua Canalizada Na Casa Do Vizinho";44633,5960845947;3,01064107417477
2015;"IOF 2014-2015";"Inhambane";"<c1>Gua Canalizada No Quintal";193747,29826355;13,0687111353764
2015;"IOF 2014-2015";"Inhambane";"<c1>Gua Da Chuva";62251,4325408936;4,19900559611241
2015;"IOF 2014-2015";"Inhambane";"<c1>Gua Da Cisterna (Ou Tanque M<d3>Vel Ou Cami<c3>O)";25346,3363037109;1,70967002101221
2015;"IOF 2014-2015";"Inhambane";"<c1>Gua De Nascentes N<c3>O Protegidas";23806,7238769531;1,60581954027743
2015;"IOF 2014-2015";"Inhambane";"<c1>Gua Do  Furo";116409,37727356;7,85208639641406
2015;"IOF 2014-2015";"Inhambane";"<c1>Gua Do Fontan<c1>Rio";163663,012176514;11,0394552535695
2015;"IOF 2014-2015";"Inhambane";"<c1>Gua Do Po<c7>O Com Bomba Manual";272795,503631592;18,4006985797618
2015;"IOF 2014-2015";"Inhambane";"<c1>Gua Do Po<c7>O N<c3>O Protegido";374166,684509277;25,2384232459421
2015;"IOF 2014-2015";"Inhambane";"<c1>Gua Do Po<c7>O Protegido Sem Bomba";138738,884429932;9,35826419314902
2015;"IOF 2014-2015";"Inhambane";"<c1>Gua Do Rio, Lago, Lagoa";56512,3784179688;3,81189289211604
2015;"IOF 2014-2015";"Manica";"<c1>Gua Canalizada Dentro  Da Casa";17544,5240783691;0,920272300155337
2015;"IOF 2014-2015";"Manica";"<c1>Gua Canalizada Na Casa Do Vizinho";81268,4091186523;4,26281530667426
2015;"IOF 2014-2015";"Manica";"<c1>Gua Canalizada No Quintal";211135,046936035;11,0747794821512
2015;"IOF 2014-2015";"Manica";"<c1>Gua De Nascentes N<c3>O Protegidas";131355,33706665;6,89005171300392
2015;"IOF 2014-2015";"Manica";"<c1>Gua Do  Furo";503731,781280518;26,4225124004309
2015;"IOF 2014-2015";"Manica";"<c1>Gua Do Fontan<c1>Rio";84771,7747650146;4,44657921769639
2015;"IOF 2014-2015";"Manica";"<c1>Gua Do Po<c7>O Com Bomba Manual";99306,5434265137;5,20897920806346
2015;"IOF 2014-2015";"Manica";"<c1>Gua Do Po<c7>O N<c3>O Protegido";430570,868347168;22,5849639251407
2015;"IOF 2014-2015";"Manica";"<c1>Gua Do Po<c7>O Protegido Sem Bomba";111923,706771851;5,87079402169892
2015;"IOF 2014-2015";"Manica";"<c1>Gua Do Rio, Lago, Lagoa";233881,452148438;12,2679088341688
2015;"IOF 2014-2015";"Manica";"<c1>Gua Em Garrafa";159,962493896484;0,00839059820255812
2015;"IOF 2014-2015";"Manica";"Outro";799,8125;0,0419529926135454
2015;"IOF 2014-2015";"Maputo Cidade";"<c1>Gua Canalizada Dentro  Da Casa";212840,238876343;17,3078077911117
2015;"IOF 2014-2015";"Maputo Cidade";"<c1>Gua Canalizada Na Casa Do Vizinho";118234,572006226;9,61463517120478
2015;"IOF 2014-2015";"Maputo Cidade";"<c1>Gua Canalizada No Quintal";857341,564117432;69,7175641289178
2015;"IOF 2014-2015";"Maputo Cidade";"<c1>Gua Do  Furo";5167,86224365234;0,420241806137251
2015;"IOF 2014-2015";"Maputo Cidade";"<c1>Gua Do Fontan<c1>Rio";8182,68228149414;0,665401866167412
2015;"IOF 2014-2015";"Maputo Cidade";"<c1>Gua Do Po<c7>O Com Bomba Manual";5167,86245727539;0,420241823508715
2015;"IOF 2014-2015";"Maputo Cidade";"<c1>Gua Do Po<c7>O N<c3>O Protegido";2583,93115234375;0,210120905550263
2015;"IOF 2014-2015";"Maputo Cidade";"<c1>Gua Do Po<c7>O Protegido Sem Bomba";3222,20336914062;0,26202412133807
2015;"IOF 2014-2015";"Maputo Cidade";"<c1>Gua Em Garrafa";16994,4806365967;1,38196238606401
2015;"IOF 2014-2015";"Maputo Provincia";"<c1>Gua Canalizada Dentro  Da Casa";111135,738250732;6,71292646752543
2015;"IOF 2014-2015";"Maputo Provincia";"<c1>Gua Canalizada Na Casa Do Vizinho";211500,235992432;12,7752382305528
2015;"IOF 2014-2015";"Maputo Provincia";"<c1>Gua Canalizada No Quintal";985938,273193359;59,5535804561266
2015;"IOF 2014-2015";"Maputo Provincia";"<c1>Gua Da Chuva";6776,15023803711;0,409299465651845
2015;"IOF 2014-2015";"Maputo Provincia";"<c1>Gua Da Cisterna (Ou Tanque M<d3>Vel Ou Cami<c3>O)";5049,72564697266;0,305018326983411
2015;"IOF 2014-2015";"Maputo Provincia";"<c1>Gua De Nascentes N<c3>O Protegidas";5820,00610351562;0,351545539071381
2015;"IOF 2014-2015";"Maputo Provincia";"<c1>Gua De Nascentes Protegidas";3325,7177734375;0,200883165183646
2015;"IOF 2014-2015";"Maputo Provincia";"<c1>Gua Do  Furo";67948,4899291992;4,10428925612595
2015;"IOF 2014-2015";"Maputo Provincia";"<c1>Gua Do Fontan<c1>Rio";67806,4035339355;4,09570681866295
2015;"IOF 2014-2015";"Maputo Provincia";"<c1>Gua Do Po<c7>O Com Bomba Manual";28584,3919067383;1,72658160200415
2015;"IOF 2014-2015";"Maputo Provincia";"<c1>Gua Do Po<c7>O N<c3>O Protegido";20567,9336547852;1,24236387310456
2015;"IOF 2014-2015";"Maputo Provincia";"<c1>Gua Do Po<c7>O Protegido Sem Bomba";56836,2389221191;3,43307651148282
2015;"IOF 2014-2015";"Maputo Provincia";"<c1>Gua Do Rio, Lago, Lagoa";77281,3662109375;4,66802251777464
2015;"IOF 2014-2015";"Maputo Provincia";"<c1>Gua Em Garrafa";6977,60238647461;0,421467769749802
2015;"IOF 2014-2015";"Nampula";"<c1>Gua Canalizada Dentro  Da Casa";15815,4680175781;0,321371856228385
2015;"IOF 2014-2015";"Nampula";"<c1>Gua Canalizada Na Casa Do Vizinho";530131,701843262;10,77232800683
2015;"IOF 2014-2015";"Nampula";"<c1>Gua Canalizada No Quintal";225930,569702148;4,59093126319221
2015;"IOF 2014-2015";"Nampula";"<c1>Gua Da Chuva";9104,32568359375;0,185000787924348
2015;"IOF 2014-2015";"Nampula";"<c1>Gua Da Cisterna (Ou Tanque M<d3>Vel Ou Cami<c3>O)";29156,5539550781;0,592464026695391
2015;"IOF 2014-2015";"Nampula";"<c1>Gua De Nascentes N<c3>O Protegidas";10320,4057617188;0,209711653995148
2015;"IOF 2014-2015";"Nampula";"<c1>Gua Do  Furo";172187,209945679;3,49886093902033
2015;"IOF 2014-2015";"Nampula";"<c1>Gua Do Fontan<c1>Rio";707163,185180664;14,3696250547436
2015;"IOF 2014-2015";"Nampula";"<c1>Gua Do Po<c7>O Com Bomba Manual";400642,538726807;8,14109555351641
2015;"IOF 2014-2015";"Nampula";"<c1>Gua Do Po<c7>O N<c3>O Protegido";1441536,05464172;29,2921535540682
2015;"IOF 2014-2015";"Nampula";"<c1>Gua Do Po<c7>O Protegido Sem Bomba";285243,190307617;5,79616951226353
2015;"IOF 2014-2015";"Nampula";"<c1>Gua Do Rio, Lago, Lagoa";1091424,86138916;22,1778598805041
2015;"IOF 2014-2015";"Nampula";"Outro";2580,10131835938;0,0524279110183063
2015;"IOF 2014-2015";"Niassa";"<c1>Gua Canalizada Dentro  Da Casa";2574,01263427734;0,16023835453142
2015;"IOF 2014-2015";"Niassa";"<c1>Gua Canalizada Na Casa Do Vizinho";41853,1195983887;2,60545536068644
2015;"IOF 2014-2015";"Niassa";"<c1>Gua Canalizada No Quintal";37350,096282959;2,32513154375085
2015;"IOF 2014-2015";"Niassa";"<c1>Gua Da Chuva";4326,02783203125;0,269305430840059
2015;"IOF 2014-2015";"Niassa";"<c1>Gua Da Cisterna (Ou Tanque M<d3>Vel Ou Cami<c3>O)";1835,85485839844;0,114286292829666
2015;"IOF 2014-2015";"Niassa";"<c1>Gua De Nascentes N<c3>O Protegidas";75729,01171875;4,71430950513185
2015;"IOF 2014-2015";"Niassa";"<c1>Gua De Nascentes Protegidas";6884,45568847656;0,428573596211454
2015;"IOF 2014-2015";"Niassa";"<c1>Gua Do  Furo";227055,913253784;14,1347658678567
2015;"IOF 2014-2015";"Niassa";"<c1>Gua Do Fontan<c1>Rio";175395,356399536;10,9187744176727
2015;"IOF 2014-2015";"Niassa";"<c1>Gua Do Po<c7>O Com Bomba Manual";212413,722747803;13,2232549909597
2015;"IOF 2014-2015";"Niassa";"<c1>Gua Do Po<c7>O N<c3>O Protegido";436026,022888184;27,1436478244395
2015;"IOF 2014-2015";"Niassa";"<c1>Gua Do Po<c7>O Protegido Sem Bomba";120311,74597168;7,48968981293157
2015;"IOF 2014-2015";"Niassa";"<c1>Gua Do Rio, Lago, Lagoa";264609,529388428;16,4725670021582
2015;"IOF 2014-2015";"Sofala";"<c1>Gua Canalizada Dentro  Da Casa";57569,9652557373;2,86237578874987
2015;"IOF 2014-2015";"Sofala";"<c1>Gua Canalizada Na Casa Do Vizinho";169637,985336304;8,43439213350142
2015;"IOF 2014-2015";"Sofala";"<c1>Gua Canalizada No Quintal";282448,494354248;14,043324991027
2015;"IOF 2014-2015";"Sofala";"<c1>Gua De Nascentes Protegidas";1046,63525390625;0,0520386523966984
2015;"IOF 2014-2015";"Sofala";"<c1>Gua Do  Furo";162744,225723267;8,09163475085991
2015;"IOF 2014-2015";"Sofala";"<c1>Gua Do Fontan<c1>Rio";457708,647476196;22,7572510252079
2015;"IOF 2014-2015";"Sofala";"<c1>Gua Do Po<c7>O Com Bomba Manual";173157,393508911;8,60937693155106
2015;"IOF 2014-2015";"Sofala";"<c1>Gua Do Po<c7>O N<c3>O Protegido";329873,622360229;16,4012999798891
2015;"IOF 2014-2015";"Sofala";"<c1>Gua Do Po<c7>O Protegido Sem Bomba";190067,960037231;9,45016945226365
2015;"IOF 2014-2015";"Sofala";"<c1>Gua Do Rio, Lago, Lagoa";186684,931396484;9,28196543770666
2015;"IOF 2014-2015";"Sofala";"<c1>Gua Em Garrafa";325,238800048828;0,0161708568467313
2015;"IOF 2014-2015";"Tete";"<c1>Gua Canalizada Dentro  Da Casa";23440,82081604;0,958358787433757
2015;"IOF 2014-2015";"Tete";"<c1>Gua Canalizada Na Casa Do Vizinho";88265,4729156494;3,60866167015047
2015;"IOF 2014-2015";"Tete";"<c1>Gua Canalizada No Quintal";124165,435058594;5,07640226073112
2015;"IOF 2014-2015";"Tete";"<c1>Gua Da Cisterna (Ou Tanque M<d3>Vel Ou Cami<c3>O)";1574,62158203125;0,0643771155398228
2015;"IOF 2014-2015";"Tete";"<c1>Gua De Nascentes N<c3>O Protegidas";86604,1879882812;3,54074139461621
2015;"IOF 2014-2015";"Tete";"<c1>Gua De Nascentes Protegidas";70070,6618652344;2,86478170141105
2015;"IOF 2014-2015";"Tete";"<c1>Gua Do  Furo";467002,409042358;19,0930115447248
2015;"IOF 2014-2015";"Tete";"<c1>Gua Do Fontan<c1>Rio";128773,025665283;5,2647798342586
2015;"IOF 2014-2015";"Tete";"<c1>Gua Do Po<c7>O Com Bomba Manual";387506,357849121;15,8428805094161
2015;"IOF 2014-2015";"Tete";"<c1>Gua Do Po<c7>O N<c3>O Protegido";576792,921539307;23,5817068533937
2015;"IOF 2014-2015";"Tete";"<c1>Gua Do Po<c7>O Protegido Sem Bomba";107365,181808472;4,38953764708459
2015;"IOF 2014-2015";"Tete";"<c1>Gua Do Rio, Lago, Lagoa";384372,631759644;15,7147606812398
2015;"IOF 2014-2015";"Zambezia";"<c1>Gua Canalizada Dentro  Da Casa";16010,5991821289;0,339250940974801
2015;"IOF 2014-2015";"Zambezia";"<c1>Gua Canalizada Na Casa Do Vizinho";193956,275146484;4,10976804196424
2015;"IOF 2014-2015";"Zambezia";"<c1>Gua Canalizada No Quintal";203184,368347168;4,30530346609937
2015;"IOF 2014-2015";"Zambezia";"<c1>Gua Da Chuva";2441,96020507812;0,0517430539589347
2015;"IOF 2014-2015";"Zambezia";"<c1>Gua De Nascentes N<c3>O Protegidas";72378,1140136719;1,53363050350591
2015;"IOF 2014-2015";"Zambezia";"<c1>Gua De Nascentes Protegidas";8953,85400390625;0,189724529458383
2015;"IOF 2014-2015";"Zambezia";"<c1>Gua Do  Furo";179522,713012695;3,8039331709638
2015;"IOF 2014-2015";"Zambezia";"<c1>Gua Do Fontan<c1>Rio";351345,995056152;7,44472196665649
2015;"IOF 2014-2015";"Zambezia";"<c1>Gua Do Po<c7>O Com Bomba Manual";545204,612060547;11,552420715884
2015;"IOF 2014-2015";"Zambezia";"<c1>Gua Do Po<c7>O N<c3>O Protegido";2012360,98504639;42,6402128984649
2015;"IOF 2014-2015";"Zambezia";"<c1>Gua Do Po<c7>O Protegido Sem Bomba";241121,075256348;5,10914992868461
2015;"IOF 2014-2015";"Zambezia";"<c1>Gua Do Rio, Lago, Lagoa";892057,292510986;18,9019331784649
2015;"IOF 2014-2015";"Zambezia";"<c1>Gua Em Garrafa";859,289184570312;0,0182076049196421
