"year";"survey";"prov";"wat";"count";"perc"
2001;"QUIBB 2000-2001";"Cabo Delgado";"¡Gua Canalizada Dentro Da Casa Ou No Quintal";35;2,5830258302583
2001;"QUIBB 2000-2001";"Cabo Delgado";"Compra De Outros, Cisterna";2;0,14760147601476
2001;"QUIBB 2000-2001";"Cabo Delgado";"Outras Fontes";1;0,0738007380073801
2001;"QUIBB 2000-2001";"Cabo Delgado";"PoÁO N„O Protegido, ·Gua Da Chuva";553;40,8118081180812
2001;"QUIBB 2000-2001";"Cabo Delgado";"PoÁO Protegido";105;7,74907749077491
2001;"QUIBB 2000-2001";"Cabo Delgado";"Rio, Lago, Lagoa";309;22,8044280442804
2001;"QUIBB 2000-2001";"Cabo Delgado";"Torneira P˙Blica/Fontan·Rio";350;25,830258302583
2001;"QUIBB 2000-2001";"Gaza";"¡Gua Canalizada Dentro Da Casa Ou No Quintal";62;4,97592295345104
2001;"QUIBB 2000-2001";"Gaza";"Compra De Outros, Cisterna";45;3,6115569823435
2001;"QUIBB 2000-2001";"Gaza";"Outras Fontes";35;2,80898876404494
2001;"QUIBB 2000-2001";"Gaza";"PoÁO N„O Protegido, ·Gua Da Chuva";182;14,6067415730337
2001;"QUIBB 2000-2001";"Gaza";"PoÁO Protegido";276;22,1508828250401
2001;"QUIBB 2000-2001";"Gaza";"Rio, Lago, Lagoa";127;10,1926163723917
2001;"QUIBB 2000-2001";"Gaza";"Torneira P˙Blica/Fontan·Rio";519;41,653290529695
2001;"QUIBB 2000-2001";"Inhambane";"¡Gua Canalizada Dentro Da Casa Ou No Quintal";18;1,3353115727003
2001;"QUIBB 2000-2001";"Inhambane";"Compra De Outros, Cisterna";84;6,23145400593472
2001;"QUIBB 2000-2001";"Inhambane";"Outras Fontes";16;1,18694362017804
2001;"QUIBB 2000-2001";"Inhambane";"PoÁO N„O Protegido, ·Gua Da Chuva";681;50,5192878338279
2001;"QUIBB 2000-2001";"Inhambane";"PoÁO Protegido";353;26,186943620178
2001;"QUIBB 2000-2001";"Inhambane";"Rio, Lago, Lagoa";143;10,6083086053412
2001;"QUIBB 2000-2001";"Inhambane";"Torneira P˙Blica/Fontan·Rio";53;3,93175074183976
2001;"QUIBB 2000-2001";"Manica";"¡Gua Canalizada Dentro Da Casa Ou No Quintal";4;0,371402042711235
2001;"QUIBB 2000-2001";"Manica";"Compra De Outros, Cisterna";2;0,185701021355617
2001;"QUIBB 2000-2001";"Manica";"PoÁO N„O Protegido, ·Gua Da Chuva";256;23,769730733519
2001;"QUIBB 2000-2001";"Manica";"PoÁO Protegido";183;16,991643454039
2001;"QUIBB 2000-2001";"Manica";"Rio, Lago, Lagoa";340;31,569173630455
2001;"QUIBB 2000-2001";"Manica";"Torneira P˙Blica/Fontan·Rio";292;27,1123491179201
2001;"QUIBB 2000-2001";"Maputo Cidade";"¡Gua Canalizada Dentro Da Casa Ou No Quintal";479;35,6133828996283
2001;"QUIBB 2000-2001";"Maputo Cidade";"Compra De Outros, Cisterna";9;0,669144981412639
2001;"QUIBB 2000-2001";"Maputo Cidade";"Outras Fontes";1;0,0743494423791822
2001;"QUIBB 2000-2001";"Maputo Cidade";"PoÁO N„O Protegido, ·Gua Da Chuva";30;2,23048327137546
2001;"QUIBB 2000-2001";"Maputo Cidade";"PoÁO Protegido";101;7,5092936802974
2001;"QUIBB 2000-2001";"Maputo Cidade";"Torneira P˙Blica/Fontan·Rio";725;53,9033457249071
2001;"QUIBB 2000-2001";"Maputo Provincia";"¡Gua Canalizada Dentro Da Casa Ou No Quintal";259;19,8772064466615
2001;"QUIBB 2000-2001";"Maputo Provincia";"Compra De Outros, Cisterna";300;23,0237912509593
2001;"QUIBB 2000-2001";"Maputo Provincia";"Outras Fontes";16;1,2279355333845
2001;"QUIBB 2000-2001";"Maputo Provincia";"PoÁO N„O Protegido, ·Gua Da Chuva";193;14,8119723714505
2001;"QUIBB 2000-2001";"Maputo Provincia";"PoÁO Protegido";86;6,60015349194167
2001;"QUIBB 2000-2001";"Maputo Provincia";"Rio, Lago, Lagoa";112;8,59554873369148
2001;"QUIBB 2000-2001";"Maputo Provincia";"Torneira P˙Blica/Fontan·Rio";337;25,863392171911
2001;"QUIBB 2000-2001";"Nampula";"¡Gua Canalizada Dentro Da Casa Ou No Quintal";41;2,99707602339181
2001;"QUIBB 2000-2001";"Nampula";"Compra De Outros, Cisterna";56;4,09356725146199
2001;"QUIBB 2000-2001";"Nampula";"Outras Fontes";1;0,0730994152046784
2001;"QUIBB 2000-2001";"Nampula";"PoÁO N„O Protegido, ·Gua Da Chuva";671;49,0497076023392
2001;"QUIBB 2000-2001";"Nampula";"PoÁO Protegido";46;3,3625730994152
2001;"QUIBB 2000-2001";"Nampula";"Rio, Lago, Lagoa";309;22,5877192982456
2001;"QUIBB 2000-2001";"Nampula";"Torneira P˙Blica/Fontan·Rio";244;17,8362573099415
2001;"QUIBB 2000-2001";"Niassa";"";1;0,103092783505155
2001;"QUIBB 2000-2001";"Niassa";"¡Gua Canalizada Dentro Da Casa Ou No Quintal";9;0,927835051546392
2001;"QUIBB 2000-2001";"Niassa";"PoÁO N„O Protegido, ·Gua Da Chuva";514;52,9896907216495
2001;"QUIBB 2000-2001";"Niassa";"PoÁO Protegido";248;25,5670103092783
2001;"QUIBB 2000-2001";"Niassa";"Rio, Lago, Lagoa";146;15,0515463917526
2001;"QUIBB 2000-2001";"Niassa";"Torneira P˙Blica/Fontan·Rio";52;5,36082474226804
2001;"QUIBB 2000-2001";"Sofala";"¡Gua Canalizada Dentro Da Casa Ou No Quintal";59;4,52453987730061
2001;"QUIBB 2000-2001";"Sofala";"Compra De Outros, Cisterna";60;4,60122699386503
2001;"QUIBB 2000-2001";"Sofala";"Outras Fontes";11;0,843558282208589
2001;"QUIBB 2000-2001";"Sofala";"PoÁO N„O Protegido, ·Gua Da Chuva";281;21,5490797546012
2001;"QUIBB 2000-2001";"Sofala";"PoÁO Protegido";168;12,8834355828221
2001;"QUIBB 2000-2001";"Sofala";"Rio, Lago, Lagoa";380;29,1411042944785
2001;"QUIBB 2000-2001";"Sofala";"Torneira P˙Blica/Fontan·Rio";345;26,4570552147239
2001;"QUIBB 2000-2001";"Tete";"";2;0,160128102481986
2001;"QUIBB 2000-2001";"Tete";"¡Gua Canalizada Dentro Da Casa Ou No Quintal";50;4,00320256204964
2001;"QUIBB 2000-2001";"Tete";"Outras Fontes";24;1,92153722978383
2001;"QUIBB 2000-2001";"Tete";"PoÁO N„O Protegido, ·Gua Da Chuva";266;21,2970376301041
2001;"QUIBB 2000-2001";"Tete";"PoÁO Protegido";305;24,4195356285028
2001;"QUIBB 2000-2001";"Tete";"Rio, Lago, Lagoa";469;37,5500400320256
2001;"QUIBB 2000-2001";"Tete";"Torneira P˙Blica/Fontan·Rio";133;10,648518815052
2001;"QUIBB 2000-2001";"Zambezia";"¡Gua Canalizada Dentro Da Casa Ou No Quintal";1;0,0816326530612245
2001;"QUIBB 2000-2001";"Zambezia";"PoÁO N„O Protegido, ·Gua Da Chuva";970;79,1836734693878
2001;"QUIBB 2000-2001";"Zambezia";"PoÁO Protegido";157;12,8163265306122
2001;"QUIBB 2000-2001";"Zambezia";"Rio, Lago, Lagoa";48;3,91836734693878
2001;"QUIBB 2000-2001";"Zambezia";"Torneira P˙Blica/Fontan·Rio";49;4
2003;"DHS 2003";"Cabo Delgado";"";2;0,184672206832872
2003;"DHS 2003";"Cabo Delgado";"In Neighbor'S Land";38;3,50877192982456
2003;"DHS 2003";"Cabo Delgado";"In Own Land";18;1,66204986149584
2003;"DHS 2003";"Cabo Delgado";"Inside Neighbor'S House";12;1,10803324099723
2003;"DHS 2003";"Cabo Delgado";"Inside The House";9;0,831024930747922
2003;"DHS 2003";"Cabo Delgado";"Other";45;4,15512465373961
2003;"DHS 2003";"Cabo Delgado";"Protected Public Well";262;24,1920590951062
2003;"DHS 2003";"Cabo Delgado";"Public Water";102;9,41828254847645
2003;"DHS 2003";"Cabo Delgado";"River/Lake";106;9,7876269621422
2003;"DHS 2003";"Cabo Delgado";"Unprotected Public Well";489;45,1523545706371
2003;"DHS 2003";"Gaza";"In Neighbor'S Land";38;3,41726618705036
2003;"DHS 2003";"Gaza";"In Own Land";13;1,16906474820144
2003;"DHS 2003";"Gaza";"Inside Neighbor'S House";94;8,45323741007194
2003;"DHS 2003";"Gaza";"Inside The House";60;5,39568345323741
2003;"DHS 2003";"Gaza";"Other";15;1,34892086330935
2003;"DHS 2003";"Gaza";"Protected Public Well";355;31,9244604316547
2003;"DHS 2003";"Gaza";"Public Water";56;5,03597122302158
2003;"DHS 2003";"Gaza";"Rainwater";16;1,43884892086331
2003;"DHS 2003";"Gaza";"River/Lake";119;10,7014388489209
2003;"DHS 2003";"Gaza";"Unprotected Public Well";346;31,1151079136691
2003;"DHS 2003";"Inhambane";"In Neighbor'S Land";25;2,24416517055655
2003;"DHS 2003";"Inhambane";"In Own Land";36;3,23159784560144
2003;"DHS 2003";"Inhambane";"Inside Neighbor'S House";61;5,47576301615799
2003;"DHS 2003";"Inhambane";"Inside The House";37;3,3213644524237
2003;"DHS 2003";"Inhambane";"Other";9;0,807899461400359
2003;"DHS 2003";"Inhambane";"Protected Public Well";216;19,3895870736086
2003;"DHS 2003";"Inhambane";"Public Water";28;2,51346499102334
2003;"DHS 2003";"Inhambane";"Rainwater";74;6,6427289048474
2003;"DHS 2003";"Inhambane";"River/Lake";109;9,78456014362657
2003;"DHS 2003";"Inhambane";"Unprotected Public Well";519;46,588868940754
2003;"DHS 2003";"Manica";"In Neighbor'S Land";122;12,007874015748
2003;"DHS 2003";"Manica";"In Own Land";73;7,18503937007874
2003;"DHS 2003";"Manica";"Inside Neighbor'S House";44;4,33070866141732
2003;"DHS 2003";"Manica";"Inside The House";25;2,46062992125984
2003;"DHS 2003";"Manica";"Other";6;0,590551181102362
2003;"DHS 2003";"Manica";"Protected Public Well";229;22,5393700787402
2003;"DHS 2003";"Manica";"Public Water";149;14,6653543307087
2003;"DHS 2003";"Manica";"River/Lake";206;20,2755905511811
2003;"DHS 2003";"Manica";"Unprotected Public Well";162;15,9448818897638
2003;"DHS 2003";"Maputo Cidade";"In Neighbor'S Land";29;2,7992277992278
2003;"DHS 2003";"Maputo Cidade";"In Own Land";11;1,06177606177606
2003;"DHS 2003";"Maputo Cidade";"Inside Neighbor'S House";303;29,2471042471043
2003;"DHS 2003";"Maputo Cidade";"Inside The House";395;38,1274131274131
2003;"DHS 2003";"Maputo Cidade";"Other";13;1,25482625482625
2003;"DHS 2003";"Maputo Cidade";"Protected Public Well";11;1,06177606177606
2003;"DHS 2003";"Maputo Cidade";"Public Water";273;26,3513513513513
2003;"DHS 2003";"Maputo Cidade";"Unprotected Public Well";1;0,0965250965250965
2003;"DHS 2003";"Maputo Provincia";"In Neighbor'S Land";70;6,89655172413793
2003;"DHS 2003";"Maputo Provincia";"In Own Land";36;3,54679802955665
2003;"DHS 2003";"Maputo Provincia";"Inside Neighbor'S House";220;21,6748768472906
2003;"DHS 2003";"Maputo Provincia";"Inside The House";235;23,1527093596059
2003;"DHS 2003";"Maputo Provincia";"Other";29;2,85714285714286
2003;"DHS 2003";"Maputo Provincia";"Protected Public Well";134;13,2019704433498
2003;"DHS 2003";"Maputo Provincia";"Public Water";88;8,66995073891626
2003;"DHS 2003";"Maputo Provincia";"Rainwater";2;0,197044334975369
2003;"DHS 2003";"Maputo Provincia";"River/Lake";106;10,4433497536946
2003;"DHS 2003";"Maputo Provincia";"Unprotected Public Well";95;9,35960591133005
2003;"DHS 2003";"Nampula";"In Neighbor'S Land";30;2,2140221402214
2003;"DHS 2003";"Nampula";"In Own Land";11;0,811808118081181
2003;"DHS 2003";"Nampula";"Inside Neighbor'S House";59;4,35424354243542
2003;"DHS 2003";"Nampula";"Inside The House";4;0,29520295202952
2003;"DHS 2003";"Nampula";"Other";1;0,0738007380073801
2003;"DHS 2003";"Nampula";"Protected Public Well";83;6,12546125461255
2003;"DHS 2003";"Nampula";"Public Water";115;8,48708487084871
2003;"DHS 2003";"Nampula";"River/Lake";216;15,9409594095941
2003;"DHS 2003";"Nampula";"Unprotected Public Well";836;61,6974169741697
2003;"DHS 2003";"Niassa";"";3;0,301810865191147
2003;"DHS 2003";"Niassa";"In Neighbor'S Land";85;8,5513078470825
2003;"DHS 2003";"Niassa";"In Own Land";53;5,33199195171026
2003;"DHS 2003";"Niassa";"Inside Neighbor'S House";31;3,11871227364185
2003;"DHS 2003";"Niassa";"Inside The House";26;2,61569416498994
2003;"DHS 2003";"Niassa";"Other";40;4,02414486921529
2003;"DHS 2003";"Niassa";"Protected Public Well";151;15,1911468812877
2003;"DHS 2003";"Niassa";"Public Water";97;9,75855130784708
2003;"DHS 2003";"Niassa";"River/Lake";220;22,1327967806841
2003;"DHS 2003";"Niassa";"Unprotected Public Well";288;28,9738430583501
2003;"DHS 2003";"Sofala";"In Neighbor'S Land";28;2,5854108956602
2003;"DHS 2003";"Sofala";"In Own Land";23;2,12373037857802
2003;"DHS 2003";"Sofala";"Inside Neighbor'S House";125;11,5420129270545
2003;"DHS 2003";"Sofala";"Inside The House";53;4,8938134810711
2003;"DHS 2003";"Sofala";"Other";3;0,277008310249307
2003;"DHS 2003";"Sofala";"Protected Public Well";199;18,3748845798707
2003;"DHS 2003";"Sofala";"Public Water";97;8,95660203139428
2003;"DHS 2003";"Sofala";"Rainwater";4;0,369344413665743
2003;"DHS 2003";"Sofala";"River/Lake";226;20,8679593721145
2003;"DHS 2003";"Sofala";"Unprotected Public Well";325;30,0092336103416
2003;"DHS 2003";"Tete";"In Neighbor'S Land";7;0,615655233069481
2003;"DHS 2003";"Tete";"In Own Land";4;0,351802990325418
2003;"DHS 2003";"Tete";"Inside Neighbor'S House";31;2,72647317502199
2003;"DHS 2003";"Tete";"Inside The House";68;5,9806508355321
2003;"DHS 2003";"Tete";"Other";14;1,23131046613896
2003;"DHS 2003";"Tete";"Protected Public Well";349;30,6948109058927
2003;"DHS 2003";"Tete";"Public Water";61;5,36499560246262
2003;"DHS 2003";"Tete";"River/Lake";282;24,802110817942
2003;"DHS 2003";"Tete";"Unprotected Public Well";321;28,2321899736148
2003;"DHS 2003";"Zambezia";"";2;0,145985401459854
2003;"DHS 2003";"Zambezia";"In Neighbor'S Land";23;1,67883211678832
2003;"DHS 2003";"Zambezia";"In Own Land";34;2,48175182481752
2003;"DHS 2003";"Zambezia";"Inside Neighbor'S House";22;1,60583941605839
2003;"DHS 2003";"Zambezia";"Inside The House";23;1,67883211678832
2003;"DHS 2003";"Zambezia";"Other";3;0,218978102189781
2003;"DHS 2003";"Zambezia";"Protected Public Well";112;8,17518248175183
2003;"DHS 2003";"Zambezia";"Public Water";112;8,17518248175183
2003;"DHS 2003";"Zambezia";"River/Lake";286;20,8759124087591
2003;"DHS 2003";"Zambezia";"Unprotected Public Well";753;54,963503649635
2003;"IOF 2002-2003";"Cabo Delgado";"Agua Canalizada Dentro Da Casa Ou No Quintal";12;1,6260162601626
2003;"IOF 2002-2003";"Cabo Delgado";"Compra De Outros, Cisterna";19;2,57452574525745
2003;"IOF 2002-2003";"Cabo Delgado";"Furo/Poco Protegido";205;27,7777777777778
2003;"IOF 2002-2003";"Cabo Delgado";"Poco Nao Protegido, Agua Da Chuva";336;45,5284552845528
2003;"IOF 2002-2003";"Cabo Delgado";"Rio, Lago, Lagoa";100;13,550135501355
2003;"IOF 2002-2003";"Cabo Delgado";"Torneira Publica/Fontanio";66;8,94308943089431
2003;"IOF 2002-2003";"Gaza";"Agua Canalizada Dentro Da Casa Ou No Quintal";59;7,50636132315522
2003;"IOF 2002-2003";"Gaza";"Compra De Outros, Cisterna";115;14,6310432569975
2003;"IOF 2002-2003";"Gaza";"Furo/Poco Protegido";288;36,6412213740458
2003;"IOF 2002-2003";"Gaza";"Outras Fontes";10;1,27226463104326
2003;"IOF 2002-2003";"Gaza";"Poco Nao Protegido, Agua Da Chuva";220;27,9898218829517
2003;"IOF 2002-2003";"Gaza";"Rio, Lago, Lagoa";57;7,25190839694656
2003;"IOF 2002-2003";"Gaza";"Torneira Publica/Fontanio";37;4,70737913486005
2003;"IOF 2002-2003";"Inhambane";"";17;2,25763612217796
2003;"IOF 2002-2003";"Inhambane";"Agua Canalizada Dentro Da Casa Ou No Quintal";25;3,32005312084993
2003;"IOF 2002-2003";"Inhambane";"Compra De Outros, Cisterna";35;4,64807436918991
2003;"IOF 2002-2003";"Inhambane";"Furo/Poco Protegido";192;25,4980079681275
2003;"IOF 2002-2003";"Inhambane";"Outras Fontes";21;2,78884462151394
2003;"IOF 2002-2003";"Inhambane";"Poco Nao Protegido, Agua Da Chuva";359;47,6759628154051
2003;"IOF 2002-2003";"Inhambane";"Rio, Lago, Lagoa";68;9,03054448871182
2003;"IOF 2002-2003";"Inhambane";"Torneira Publica/Fontanio";36;4,7808764940239
2003;"IOF 2002-2003";"Manica";"";1;0,122549019607843
2003;"IOF 2002-2003";"Manica";"Agua Canalizada Dentro Da Casa Ou No Quintal";25;3,06372549019608
2003;"IOF 2002-2003";"Manica";"Furo/Poco Protegido";311;38,1127450980392
2003;"IOF 2002-2003";"Manica";"Outras Fontes";8;0,980392156862745
2003;"IOF 2002-2003";"Manica";"Poco Nao Protegido, Agua Da Chuva";244;29,9019607843137
2003;"IOF 2002-2003";"Manica";"Rio, Lago, Lagoa";145;17,7696078431373
2003;"IOF 2002-2003";"Manica";"Torneira Publica/Fontanio";82;10,0490196078431
2003;"IOF 2002-2003";"Maputo Cidade";"";2;0,216684723726977
2003;"IOF 2002-2003";"Maputo Cidade";"Agua Canalizada Dentro Da Casa Ou No Quintal";340;36,8364030335861
2003;"IOF 2002-2003";"Maputo Cidade";"Compra De Outros, Cisterna";10;1,08342361863489
2003;"IOF 2002-2003";"Maputo Cidade";"Furo/Poco Protegido";56;6,06717226435536
2003;"IOF 2002-2003";"Maputo Cidade";"Outras Fontes";294;31,8526543878657
2003;"IOF 2002-2003";"Maputo Cidade";"Torneira Publica/Fontanio";221;23,943661971831
2003;"IOF 2002-2003";"Maputo Provincia";"Agua Canalizada Dentro Da Casa Ou No Quintal";201;24,2753623188406
2003;"IOF 2002-2003";"Maputo Provincia";"Compra De Outros, Cisterna";61;7,36714975845411
2003;"IOF 2002-2003";"Maputo Provincia";"Furo/Poco Protegido";116;14,0096618357488
2003;"IOF 2002-2003";"Maputo Provincia";"Outras Fontes";143;17,2705314009662
2003;"IOF 2002-2003";"Maputo Provincia";"Poco Nao Protegido, Agua Da Chuva";150;18,1159420289855
2003;"IOF 2002-2003";"Maputo Provincia";"Rio, Lago, Lagoa";77;9,29951690821256
2003;"IOF 2002-2003";"Maputo Provincia";"Torneira Publica/Fontanio";80;9,66183574879227
2003;"IOF 2002-2003";"Nampula";"";2;0,264550264550265
2003;"IOF 2002-2003";"Nampula";"Agua Canalizada Dentro Da Casa Ou No Quintal";11;1,45502645502645
2003;"IOF 2002-2003";"Nampula";"Compra De Outros, Cisterna";39;5,15873015873016
2003;"IOF 2002-2003";"Nampula";"Furo/Poco Protegido";80;10,5820105820106
2003;"IOF 2002-2003";"Nampula";"Poco Nao Protegido, Agua Da Chuva";384;50,7936507936508
2003;"IOF 2002-2003";"Nampula";"Rio, Lago, Lagoa";166;21,957671957672
2003;"IOF 2002-2003";"Nampula";"Torneira Publica/Fontanio";74;9,78835978835979
2003;"IOF 2002-2003";"Niassa";"";7;0,857843137254902
2003;"IOF 2002-2003";"Niassa";"Agua Canalizada Dentro Da Casa Ou No Quintal";26;3,18627450980392
2003;"IOF 2002-2003";"Niassa";"Compra De Outros, Cisterna";1;0,122549019607843
2003;"IOF 2002-2003";"Niassa";"Furo/Poco Protegido";216;26,4705882352941
2003;"IOF 2002-2003";"Niassa";"Outras Fontes";1;0,122549019607843
2003;"IOF 2002-2003";"Niassa";"Poco Nao Protegido, Agua Da Chuva";381;46,6911764705882
2003;"IOF 2002-2003";"Niassa";"Rio, Lago, Lagoa";119;14,5833333333333
2003;"IOF 2002-2003";"Niassa";"Torneira Publica/Fontanio";65;7,9656862745098
2003;"IOF 2002-2003";"Sofala";"Agua Canalizada Dentro Da Casa Ou No Quintal";57;7,16981132075472
2003;"IOF 2002-2003";"Sofala";"Compra De Outros, Cisterna";6;0,754716981132076
2003;"IOF 2002-2003";"Sofala";"Furo/Poco Protegido";183;23,0188679245283
2003;"IOF 2002-2003";"Sofala";"Outras Fontes";70;8,80503144654088
2003;"IOF 2002-2003";"Sofala";"Poco Nao Protegido, Agua Da Chuva";199;25,0314465408805
2003;"IOF 2002-2003";"Sofala";"Rio, Lago, Lagoa";128;16,1006289308176
2003;"IOF 2002-2003";"Sofala";"Torneira Publica/Fontanio";152;19,1194968553459
2003;"IOF 2002-2003";"Tete";"";1;0,132275132275132
2003;"IOF 2002-2003";"Tete";"Agua Canalizada Dentro Da Casa Ou No Quintal";43;5,68783068783069
2003;"IOF 2002-2003";"Tete";"Furo/Poco Protegido";232;30,6878306878307
2003;"IOF 2002-2003";"Tete";"Poco Nao Protegido, Agua Da Chuva";212;28,042328042328
2003;"IOF 2002-2003";"Tete";"Rio, Lago, Lagoa";186;24,6031746031746
2003;"IOF 2002-2003";"Tete";"Torneira Publica/Fontanio";82;10,8465608465608
2003;"IOF 2002-2003";"Zambezia";"";6;0,818553888130969
2003;"IOF 2002-2003";"Zambezia";"Agua Canalizada Dentro Da Casa Ou No Quintal";14;1,90995907230559
2003;"IOF 2002-2003";"Zambezia";"Compra De Outros, Cisterna";13;1,77353342428377
2003;"IOF 2002-2003";"Zambezia";"Furo/Poco Protegido";63;8,59481582537517
2003;"IOF 2002-2003";"Zambezia";"Outras Fontes";10;1,36425648021828
2003;"IOF 2002-2003";"Zambezia";"Poco Nao Protegido, Agua Da Chuva";456;62,2100954979536
2003;"IOF 2002-2003";"Zambezia";"Rio, Lago, Lagoa";112;15,2796725784447
2003;"IOF 2002-2003";"Zambezia";"Torneira Publica/Fontanio";59;8,04911323328786
2008;"MICS 2008";"Cabo Delgado";"";9;0,75
2008;"MICS 2008";"Cabo Delgado";"<c1>Gua Da Chuva";2;0,166666666666667
2008;"MICS 2008";"Cabo Delgado";"<c1>Gua Do Rio, Lagoa";206;17,1666666666667
2008;"MICS 2008";"Cabo Delgado";"Dentro Da Casa";8;0,666666666666667
2008;"MICS 2008";"Cabo Delgado";"Fora Da Casa/Quintal";21;1,75
2008;"MICS 2008";"Cabo Delgado";"Na Casa Do Vizinho";55;4,58333333333333
2008;"MICS 2008";"Cabo Delgado";"Outro";1;0,0833333333333333
2008;"MICS 2008";"Cabo Delgado";"Po<e7>O N<e3>O Protegido";542;45,1666666666667
2008;"MICS 2008";"Cabo Delgado";"Proveniente De Po<e7>O Ou Furo Protegido Com Bomba Manual";205;17,0833333333333
2008;"MICS 2008";"Cabo Delgado";"Sem Bomba Manual";105;8,75
2008;"MICS 2008";"Cabo Delgado";"Torneira P<fa>Blica/Fontan<e1>Rio";46;3,83333333333333
2008;"MICS 2008";"Gaza";"";20;1,66666666666667
2008;"MICS 2008";"Gaza";"<c1>Gua Da Chuva";6;0,5
2008;"MICS 2008";"Gaza";"<c1>Gua Do Rio, Lagoa";157;13,0833333333333
2008;"MICS 2008";"Gaza";"Dentro Da Casa";13;1,08333333333333
2008;"MICS 2008";"Gaza";"Fora Da Casa/Quintal";79;6,58333333333333
2008;"MICS 2008";"Gaza";"Na Casa Do Vizinho";80;6,66666666666667
2008;"MICS 2008";"Gaza";"Outro";18;1,5
2008;"MICS 2008";"Gaza";"Po<e7>O N<e3>O Protegido";229;19,0833333333333
2008;"MICS 2008";"Gaza";"Proveniente De Po<e7>O Ou Furo Protegido Com Bomba Manual";365;30,4166666666667
2008;"MICS 2008";"Gaza";"Sem Bomba Manual";65;5,41666666666667
2008;"MICS 2008";"Gaza";"Sem Info";1;0,0833333333333333
2008;"MICS 2008";"Gaza";"Torneira P<fa>Blica/Fontan<e1>Rio";167;13,9166666666667
2008;"MICS 2008";"Inhambane";"";35;2,91666666666667
2008;"MICS 2008";"Inhambane";"<c1>Gua Da Chuva";28;2,33333333333333
2008;"MICS 2008";"Inhambane";"<c1>Gua Do Rio, Lagoa";43;3,58333333333333
2008;"MICS 2008";"Inhambane";"Dentro Da Casa";9;0,75
2008;"MICS 2008";"Inhambane";"Fora Da Casa/Quintal";49;4,08333333333333
2008;"MICS 2008";"Inhambane";"Na Casa Do Vizinho";63;5,25
2008;"MICS 2008";"Inhambane";"Po<e7>O N<e3>O Protegido";544;45,3333333333333
2008;"MICS 2008";"Inhambane";"Proveniente De Po<e7>O Ou Furo Protegido Com Bomba Manual";262;21,8333333333333
2008;"MICS 2008";"Inhambane";"Sem Bomba Manual";94;7,83333333333333
2008;"MICS 2008";"Inhambane";"Torneira P<fa>Blica/Fontan<e1>Rio";73;6,08333333333333
2008;"MICS 2008";"Manica";"";23;1,91666666666667
2008;"MICS 2008";"Manica";"<c1>Gua Da Chuva";2;0,166666666666667
2008;"MICS 2008";"Manica";"<c1>Gua Do Rio, Lagoa";280;23,3333333333333
2008;"MICS 2008";"Manica";"Dentro Da Casa";8;0,666666666666667
2008;"MICS 2008";"Manica";"Fora Da Casa/Quintal";21;1,75
2008;"MICS 2008";"Manica";"Na Casa Do Vizinho";37;3,08333333333333
2008;"MICS 2008";"Manica";"Outro";11;0,916666666666667
2008;"MICS 2008";"Manica";"Po<e7>O N<e3>O Protegido";400;33,3333333333333
2008;"MICS 2008";"Manica";"Proveniente De Po<e7>O Ou Furo Protegido Com Bomba Manual";264;22
2008;"MICS 2008";"Manica";"Sem Bomba Manual";78;6,5
2008;"MICS 2008";"Manica";"Torneira P<fa>Blica/Fontan<e1>Rio";76;6,33333333333333
2008;"MICS 2008";"Maputo Cidade";"";16;1,06666666666667
2008;"MICS 2008";"Maputo Cidade";"<c1>Gua Engarrafada/Mineral";22;1,46666666666667
2008;"MICS 2008";"Maputo Cidade";"Dentro Da Casa";230;15,3333333333333
2008;"MICS 2008";"Maputo Cidade";"Fora Da Casa/Quintal";412;27,4666666666667
2008;"MICS 2008";"Maputo Cidade";"Na Casa Do Vizinho";394;26,2666666666667
2008;"MICS 2008";"Maputo Cidade";"Po<e7>O N<e3>O Protegido";21;1,4
2008;"MICS 2008";"Maputo Cidade";"Proveniente De Po<e7>O Ou Furo Protegido Com Bomba Manual";15;1
2008;"MICS 2008";"Maputo Cidade";"Sem Bomba Manual";52;3,46666666666667
2008;"MICS 2008";"Maputo Cidade";"Sem Info";1;0,0666666666666667
2008;"MICS 2008";"Maputo Cidade";"Torneira P<fa>Blica/Fontan<e1>Rio";337;22,4666666666667
2008;"MICS 2008";"Maputo Provincia";"";28;2,33333333333333
2008;"MICS 2008";"Maputo Provincia";"<c1>Gua Do Rio, Lagoa";60;5
2008;"MICS 2008";"Maputo Provincia";"<c1>Gua Engarrafada/Mineral";5;0,416666666666667
2008;"MICS 2008";"Maputo Provincia";"Dentro Da Casa";54;4,5
2008;"MICS 2008";"Maputo Provincia";"Fora Da Casa/Quintal";273;22,75
2008;"MICS 2008";"Maputo Provincia";"Na Casa Do Vizinho";290;24,1666666666667
2008;"MICS 2008";"Maputo Provincia";"Outro";3;0,25
2008;"MICS 2008";"Maputo Provincia";"Po<e7>O N<e3>O Protegido";92;7,66666666666667
2008;"MICS 2008";"Maputo Provincia";"Proveniente De Po<e7>O Ou Furo Protegido Com Bomba Manual";111;9,25
2008;"MICS 2008";"Maputo Provincia";"Sem Bomba Manual";144;12
2008;"MICS 2008";"Maputo Provincia";"Torneira P<fa>Blica/Fontan<e1>Rio";140;11,6666666666667
2008;"MICS 2008";"Nampula";"";130;8,125
2008;"MICS 2008";"Nampula";"<c1>Gua Do Rio, Lagoa";214;13,375
2008;"MICS 2008";"Nampula";"Dentro Da Casa";22;1,375
2008;"MICS 2008";"Nampula";"Fora Da Casa/Quintal";41;2,5625
2008;"MICS 2008";"Nampula";"Na Casa Do Vizinho";52;3,25
2008;"MICS 2008";"Nampula";"Outro";1;0,0625
2008;"MICS 2008";"Nampula";"Po<e7>O N<e3>O Protegido";627;39,1875
2008;"MICS 2008";"Nampula";"Proveniente De Po<e7>O Ou Furo Protegido Com Bomba Manual";370;23,125
2008;"MICS 2008";"Nampula";"Sem Bomba Manual";44;2,75
2008;"MICS 2008";"Nampula";"Torneira P<fa>Blica/Fontan<e1>Rio";99;6,1875
2008;"MICS 2008";"Niassa";"";57;4,75
2008;"MICS 2008";"Niassa";"<c1>Gua Do Rio, Lagoa";264;22
2008;"MICS 2008";"Niassa";"Dentro Da Casa";12;1
2008;"MICS 2008";"Niassa";"Fora Da Casa/Quintal";8;0,666666666666667
2008;"MICS 2008";"Niassa";"Na Casa Do Vizinho";23;1,91666666666667
2008;"MICS 2008";"Niassa";"Outro";1;0,0833333333333333
2008;"MICS 2008";"Niassa";"Po<e7>O N<e3>O Protegido";346;28,8333333333333
2008;"MICS 2008";"Niassa";"Proveniente De Po<e7>O Ou Furo Protegido Com Bomba Manual";347;28,9166666666667
2008;"MICS 2008";"Niassa";"Sem Bomba Manual";68;5,66666666666667
2008;"MICS 2008";"Niassa";"Sem Info";1;0,0833333333333333
2008;"MICS 2008";"Niassa";"Torneira P<fa>Blica/Fontan<e1>Rio";73;6,08333333333333
2008;"MICS 2008";"Sofala";"<c1>Gua Do Rio, Lagoa";112;9,33333333333333
2008;"MICS 2008";"Sofala";"Dentro Da Casa";31;2,58333333333333
2008;"MICS 2008";"Sofala";"Fora Da Casa/Quintal";78;6,5
2008;"MICS 2008";"Sofala";"Na Casa Do Vizinho";138;11,5
2008;"MICS 2008";"Sofala";"Po<e7>O N<e3>O Protegido";386;32,1666666666667
2008;"MICS 2008";"Sofala";"Proveniente De Po<e7>O Ou Furo Protegido Com Bomba Manual";222;18,5
2008;"MICS 2008";"Sofala";"Sem Bomba Manual";17;1,41666666666667
2008;"MICS 2008";"Sofala";"Torneira P<fa>Blica/Fontan<e1>Rio";216;18
2008;"MICS 2008";"Tete";"";4;0,333333333333333
2008;"MICS 2008";"Tete";"<c1>Gua Da Chuva";1;0,0833333333333333
2008;"MICS 2008";"Tete";"<c1>Gua Do Rio, Lagoa";298;24,8333333333333
2008;"MICS 2008";"Tete";"Dentro Da Casa";1;0,0833333333333333
2008;"MICS 2008";"Tete";"Fora Da Casa/Quintal";17;1,41666666666667
2008;"MICS 2008";"Tete";"Na Casa Do Vizinho";25;2,08333333333333
2008;"MICS 2008";"Tete";"Outro";2;0,166666666666667
2008;"MICS 2008";"Tete";"Po<e7>O N<e3>O Protegido";362;30,1666666666667
2008;"MICS 2008";"Tete";"Proveniente De Po<e7>O Ou Furo Protegido Com Bomba Manual";309;25,75
2008;"MICS 2008";"Tete";"Sem Bomba Manual";16;1,33333333333333
2008;"MICS 2008";"Tete";"Sem Info";2;0,166666666666667
2008;"MICS 2008";"Tete";"Torneira P<fa>Blica/Fontan<e1>Rio";163;13,5833333333333
2008;"MICS 2008";"Zambezia";"";23;1,4375
2008;"MICS 2008";"Zambezia";"<c1>Gua Da Chuva";2;0,125
2008;"MICS 2008";"Zambezia";"<c1>Gua Do Rio, Lagoa";370;23,125
2008;"MICS 2008";"Zambezia";"Dentro Da Casa";3;0,1875
2008;"MICS 2008";"Zambezia";"Fora Da Casa/Quintal";14;0,875
2008;"MICS 2008";"Zambezia";"Na Casa Do Vizinho";36;2,25
2008;"MICS 2008";"Zambezia";"Po<e7>O N<e3>O Protegido";830;51,875
2008;"MICS 2008";"Zambezia";"Proveniente De Po<e7>O Ou Furo Protegido Com Bomba Manual";184;11,5
2008;"MICS 2008";"Zambezia";"Sem Bomba Manual";35;2,1875
2008;"MICS 2008";"Zambezia";"Sem Info";1;0,0625
2008;"MICS 2008";"Zambezia";"Torneira P<fa>Blica/Fontan<e1>Rio";102;6,375
2009;"AIS 2009";"Cabo Delgado";"Piped Into Dwelling";13;2,38095238095238
2009;"AIS 2009";"Cabo Delgado";"Piped Into Neighbour'S Yard/Plot";44;8,05860805860806
2009;"AIS 2009";"Cabo Delgado";"Piped To Yard/Plot";14;2,56410256410256
2009;"AIS 2009";"Cabo Delgado";"Protected Well";31;5,67765567765568
2009;"AIS 2009";"Cabo Delgado";"Public Tap/Standpipe";49;8,97435897435897
2009;"AIS 2009";"Cabo Delgado";"River/Dam/Lake/Ponds/Stream/Canal/Irirgation Channel";54;9,89010989010989
2009;"AIS 2009";"Cabo Delgado";"Tube Well Or Borehole";81;14,8351648351648
2009;"AIS 2009";"Cabo Delgado";"Unprotected Spring";30;5,49450549450549
2009;"AIS 2009";"Cabo Delgado";"Unprotected Well";230;42,1245421245421
2009;"AIS 2009";"Gaza";"Cart With Small Tank";2;0,396825396825397
2009;"AIS 2009";"Gaza";"Other";11;2,18253968253968
2009;"AIS 2009";"Gaza";"Piped Into Dwelling";5;0,992063492063492
2009;"AIS 2009";"Gaza";"Piped Into Neighbour'S Yard/Plot";39;7,73809523809524
2009;"AIS 2009";"Gaza";"Piped To Yard/Plot";34;6,74603174603175
2009;"AIS 2009";"Gaza";"Protected Well";72;14,2857142857143
2009;"AIS 2009";"Gaza";"Public Tap/Standpipe";138;27,3809523809524
2009;"AIS 2009";"Gaza";"Rainwater";12;2,38095238095238
2009;"AIS 2009";"Gaza";"River/Dam/Lake/Ponds/Stream/Canal/Irirgation Channel";32;6,34920634920635
2009;"AIS 2009";"Gaza";"Tube Well Or Borehole";29;5,75396825396825
2009;"AIS 2009";"Gaza";"Unprotected Well";130;25,7936507936508
2009;"AIS 2009";"Inhambane";"Cart With Small Tank";1;0,189753320683112
2009;"AIS 2009";"Inhambane";"Other";2;0,379506641366224
2009;"AIS 2009";"Inhambane";"Piped Into Dwelling";6;1,13851992409867
2009;"AIS 2009";"Inhambane";"Piped Into Neighbour'S Yard/Plot";25;4,7438330170778
2009;"AIS 2009";"Inhambane";"Piped To Yard/Plot";18;3,41555977229602
2009;"AIS 2009";"Inhambane";"Protected Spring";1;0,189753320683112
2009;"AIS 2009";"Inhambane";"Protected Well";70;13,2827324478178
2009;"AIS 2009";"Inhambane";"Public Tap/Standpipe";109;20,6831119544592
2009;"AIS 2009";"Inhambane";"Rainwater";6;1,13851992409867
2009;"AIS 2009";"Inhambane";"River/Dam/Lake/Ponds/Stream/Canal/Irirgation Channel";15;2,84629981024668
2009;"AIS 2009";"Inhambane";"Tube Well Or Borehole";123;23,3396584440228
2009;"AIS 2009";"Inhambane";"Unprotected Spring";8;1,5180265654649
2009;"AIS 2009";"Inhambane";"Unprotected Well";143;27,134724857685
2009;"AIS 2009";"Manica";"";1;0,196078431372549
2009;"AIS 2009";"Manica";"Piped Into Dwelling";1;0,196078431372549
2009;"AIS 2009";"Manica";"Piped Into Neighbour'S Yard/Plot";5;0,980392156862745
2009;"AIS 2009";"Manica";"Protected Spring";7;1,37254901960784
2009;"AIS 2009";"Manica";"Protected Well";128;25,0980392156863
2009;"AIS 2009";"Manica";"Public Tap/Standpipe";36;7,05882352941176
2009;"AIS 2009";"Manica";"River/Dam/Lake/Ponds/Stream/Canal/Irirgation Channel";121;23,7254901960784
2009;"AIS 2009";"Manica";"Tube Well Or Borehole";88;17,2549019607843
2009;"AIS 2009";"Manica";"Unprotected Spring";9;1,76470588235294
2009;"AIS 2009";"Manica";"Unprotected Well";114;22,3529411764706
2009;"AIS 2009";"Maputo Cidade";"Bottled Water";12;2,1015761821366
2009;"AIS 2009";"Maputo Cidade";"Other";2;0,350262697022767
2009;"AIS 2009";"Maputo Cidade";"Piped Into Dwelling";101;17,6882661996497
2009;"AIS 2009";"Maputo Cidade";"Piped Into Neighbour'S Yard/Plot";68;11,9089316987741
2009;"AIS 2009";"Maputo Cidade";"Piped To Yard/Plot";192;33,6252189141856
2009;"AIS 2009";"Maputo Cidade";"Protected Well";4;0,700525394045534
2009;"AIS 2009";"Maputo Cidade";"Public Tap/Standpipe";188;32,9246935201401
2009;"AIS 2009";"Maputo Cidade";"Tube Well Or Borehole";4;0,700525394045534
2009;"AIS 2009";"Maputo Provincia";"";7;1,47679324894515
2009;"AIS 2009";"Maputo Provincia";"Other";7;1,47679324894515
2009;"AIS 2009";"Maputo Provincia";"Piped Into Dwelling";10;2,10970464135021
2009;"AIS 2009";"Maputo Provincia";"Piped Into Neighbour'S Yard/Plot";81;17,0886075949367
2009;"AIS 2009";"Maputo Provincia";"Piped To Yard/Plot";92;19,4092827004219
2009;"AIS 2009";"Maputo Provincia";"Protected Spring";1;0,210970464135021
2009;"AIS 2009";"Maputo Provincia";"Protected Well";45;9,49367088607595
2009;"AIS 2009";"Maputo Provincia";"Public Tap/Standpipe";88;18,5654008438819
2009;"AIS 2009";"Maputo Provincia";"River/Dam/Lake/Ponds/Stream/Canal/Irirgation Channel";11;2,32067510548523
2009;"AIS 2009";"Maputo Provincia";"Tanker Truck";5;1,05485232067511
2009;"AIS 2009";"Maputo Provincia";"Tube Well Or Borehole";9;1,89873417721519
2009;"AIS 2009";"Maputo Provincia";"Unprotected Spring";17;3,58649789029536
2009;"AIS 2009";"Maputo Provincia";"Unprotected Well";101;21,3080168776371
2009;"AIS 2009";"Nampula";"Bottled Water";2;0,294550810014728
2009;"AIS 2009";"Nampula";"Cart With Small Tank";1;0,147275405007364
2009;"AIS 2009";"Nampula";"Piped Into Dwelling";25;3,68188512518409
2009;"AIS 2009";"Nampula";"Piped Into Neighbour'S Yard/Plot";27;3,97643593519882
2009;"AIS 2009";"Nampula";"Piped To Yard/Plot";3;0,441826215022091
2009;"AIS 2009";"Nampula";"Protected Spring";2;0,294550810014728
2009;"AIS 2009";"Nampula";"Protected Well";18;2,65095729013255
2009;"AIS 2009";"Nampula";"Public Tap/Standpipe";213;31,3696612665685
2009;"AIS 2009";"Nampula";"Rainwater";1;0,147275405007364
2009;"AIS 2009";"Nampula";"River/Dam/Lake/Ponds/Stream/Canal/Irirgation Channel";48;7,06921944035346
2009;"AIS 2009";"Nampula";"Tanker Truck";2;0,294550810014728
2009;"AIS 2009";"Nampula";"Tube Well Or Borehole";71;10,4565537555228
2009;"AIS 2009";"Nampula";"Unprotected Spring";34;5,00736377025037
2009;"AIS 2009";"Nampula";"Unprotected Well";232;34,1678939617084
2009;"AIS 2009";"Niassa";"";9;1,77865612648221
2009;"AIS 2009";"Niassa";"Cart With Small Tank";5;0,988142292490119
2009;"AIS 2009";"Niassa";"Piped Into Dwelling";1;0,197628458498024
2009;"AIS 2009";"Niassa";"Piped Into Neighbour'S Yard/Plot";3;0,592885375494071
2009;"AIS 2009";"Niassa";"Piped To Yard/Plot";4;0,790513833992095
2009;"AIS 2009";"Niassa";"Protected Spring";1;0,197628458498024
2009;"AIS 2009";"Niassa";"Protected Well";89;17,5889328063241
2009;"AIS 2009";"Niassa";"Public Tap/Standpipe";70;13,8339920948617
2009;"AIS 2009";"Niassa";"River/Dam/Lake/Ponds/Stream/Canal/Irirgation Channel";44;8,69565217391304
2009;"AIS 2009";"Niassa";"Tube Well Or Borehole";206;40,7114624505929
2009;"AIS 2009";"Niassa";"Unprotected Spring";9;1,77865612648221
2009;"AIS 2009";"Niassa";"Unprotected Well";65;12,8458498023715
2009;"AIS 2009";"Sofala";"Piped Into Dwelling";4;0,72463768115942
2009;"AIS 2009";"Sofala";"Piped Into Neighbour'S Yard/Plot";80;14,4927536231884
2009;"AIS 2009";"Sofala";"Piped To Yard/Plot";47;8,51449275362319
2009;"AIS 2009";"Sofala";"Protected Spring";1;0,181159420289855
2009;"AIS 2009";"Sofala";"Protected Well";29;5,2536231884058
2009;"AIS 2009";"Sofala";"Public Tap/Standpipe";79;14,3115942028986
2009;"AIS 2009";"Sofala";"River/Dam/Lake/Ponds/Stream/Canal/Irirgation Channel";20;3,6231884057971
2009;"AIS 2009";"Sofala";"Tube Well Or Borehole";118;21,3768115942029
2009;"AIS 2009";"Sofala";"Unprotected Spring";25;4,52898550724638
2009;"AIS 2009";"Sofala";"Unprotected Well";149;26,9927536231884
2009;"AIS 2009";"Tete";"Bottled Water";3;0,552486187845304
2009;"AIS 2009";"Tete";"Piped Into Dwelling";9;1,65745856353591
2009;"AIS 2009";"Tete";"Piped Into Neighbour'S Yard/Plot";34;6,26151012891344
2009;"AIS 2009";"Tete";"Piped To Yard/Plot";9;1,65745856353591
2009;"AIS 2009";"Tete";"Protected Well";38;6,99815837937385
2009;"AIS 2009";"Tete";"Public Tap/Standpipe";98;18,0478821362799
2009;"AIS 2009";"Tete";"River/Dam/Lake/Ponds/Stream/Canal/Irirgation Channel";152;27,9926335174954
2009;"AIS 2009";"Tete";"Tube Well Or Borehole";57;10,4972375690608
2009;"AIS 2009";"Tete";"Unprotected Spring";30;5,52486187845304
2009;"AIS 2009";"Tete";"Unprotected Well";113;20,8103130755064
2009;"AIS 2009";"Zambezia";"Piped Into Dwelling";9;1,31386861313869
2009;"AIS 2009";"Zambezia";"Piped Into Neighbour'S Yard/Plot";50;7,2992700729927
2009;"AIS 2009";"Zambezia";"Piped To Yard/Plot";11;1,60583941605839
2009;"AIS 2009";"Zambezia";"Protected Spring";1;0,145985401459854
2009;"AIS 2009";"Zambezia";"Protected Well";45;6,56934306569343
2009;"AIS 2009";"Zambezia";"Public Tap/Standpipe";10;1,45985401459854
2009;"AIS 2009";"Zambezia";"River/Dam/Lake/Ponds/Stream/Canal/Irirgation Channel";87;12,7007299270073
2009;"AIS 2009";"Zambezia";"Tube Well Or Borehole";57;8,32116788321168
2009;"AIS 2009";"Zambezia";"Unprotected Spring";63;9,1970802919708
2009;"AIS 2009";"Zambezia";"Unprotected Well";352;51,3868613138686
2009;"IOF 2008-2009";"Cabo Delgado";"Agua Canalizada Dentro Da Casa";12;1,53846153846154
2009;"IOF 2008-2009";"Cabo Delgado";"Agua Canalizada No Quintal";66;8,46153846153846
2009;"IOF 2008-2009";"Cabo Delgado";"Agua De Fontanario";32;4,1025641025641
2009;"IOF 2008-2009";"Cabo Delgado";"Agua Do Poco Ou Furo Com Bomba Manual";168;21,5384615384615
2009;"IOF 2008-2009";"Cabo Delgado";"Agua Do Poco Protegido Sem Bomba";387;49,6153846153846
2009;"IOF 2008-2009";"Cabo Delgado";"Agua Do Rio, Lago, Lagoa";108;13,8461538461538
2009;"IOF 2008-2009";"Cabo Delgado";"Outro";7;0,897435897435897
2009;"IOF 2008-2009";"Gaza";"Agua Canalizada Dentro Da Casa";50;6,13496932515337
2009;"IOF 2008-2009";"Gaza";"Agua Canalizada No Quintal";128;15,7055214723926
2009;"IOF 2008-2009";"Gaza";"Agua De Chuva";13;1,59509202453988
2009;"IOF 2008-2009";"Gaza";"Agua De Fontanario";120;14,7239263803681
2009;"IOF 2008-2009";"Gaza";"Agua Do Poco Ou Furo Com Bomba Manual";196;24,0490797546012
2009;"IOF 2008-2009";"Gaza";"Agua Do Poco Protegido Sem Bomba";236;28,9570552147239
2009;"IOF 2008-2009";"Gaza";"Agua Do Rio, Lago, Lagoa";63;7,73006134969325
2009;"IOF 2008-2009";"Gaza";"Outro";9;1,10429447852761
2009;"IOF 2008-2009";"Inhambane";"Agua Canalizada Dentro Da Casa";56;6,97384806973848
2009;"IOF 2008-2009";"Inhambane";"Agua Canalizada No Quintal";31;3,86052303860523
2009;"IOF 2008-2009";"Inhambane";"Agua De Chuva";71;8,84184308841843
2009;"IOF 2008-2009";"Inhambane";"Agua De Fontanario";41;5,10585305105853
2009;"IOF 2008-2009";"Inhambane";"Agua Do Poco Ou Furo Com Bomba Manual";144;17,9327521793275
2009;"IOF 2008-2009";"Inhambane";"Agua Do Poco Protegido Sem Bomba";406;50,560398505604
2009;"IOF 2008-2009";"Inhambane";"Agua Do Rio, Lago, Lagoa";49;6,10211706102117
2009;"IOF 2008-2009";"Inhambane";"Outro";5;0,62266500622665
2009;"IOF 2008-2009";"Manica";"Agua Canalizada Dentro Da Casa";15;1,86567164179104
2009;"IOF 2008-2009";"Manica";"Agua Canalizada No Quintal";41;5,09950248756219
2009;"IOF 2008-2009";"Manica";"Agua De Fontanario";15;1,86567164179104
2009;"IOF 2008-2009";"Manica";"Agua Do Poco Ou Furo Com Bomba Manual";259;32,2139303482587
2009;"IOF 2008-2009";"Manica";"Agua Do Poco Protegido Sem Bomba";301;37,4378109452736
2009;"IOF 2008-2009";"Manica";"Agua Do Rio, Lago, Lagoa";173;21,5174129353234
2009;"IOF 2008-2009";"Maputo Cidade";"Agua Canalizada Dentro Da Casa";528;44,0366972477064
2009;"IOF 2008-2009";"Maputo Cidade";"Agua Canalizada No Quintal";436;36,3636363636364
2009;"IOF 2008-2009";"Maputo Cidade";"Agua De Fontanario";163;13,5946622185154
2009;"IOF 2008-2009";"Maputo Cidade";"Agua Do Poco Ou Furo Com Bomba Manual";17;1,41784820683903
2009;"IOF 2008-2009";"Maputo Cidade";"Agua Do Poco Protegido Sem Bomba";40;3,33611342785655
2009;"IOF 2008-2009";"Maputo Cidade";"Agua Mineral/Agua Engarrafada";10;0,834028356964137
2009;"IOF 2008-2009";"Maputo Cidade";"Outro";5;0,417014178482068
2009;"IOF 2008-2009";"Maputo Provincia";"Agua Canalizada Dentro Da Casa";133;14,7777777777778
2009;"IOF 2008-2009";"Maputo Provincia";"Agua Canalizada No Quintal";250;27,7777777777778
2009;"IOF 2008-2009";"Maputo Provincia";"Agua De Chuva";1;0,111111111111111
2009;"IOF 2008-2009";"Maputo Provincia";"Agua De Fontanario";91;10,1111111111111
2009;"IOF 2008-2009";"Maputo Provincia";"Agua Do Poco Ou Furo Com Bomba Manual";94;10,4444444444444
2009;"IOF 2008-2009";"Maputo Provincia";"Agua Do Poco Protegido Sem Bomba";137;15,2222222222222
2009;"IOF 2008-2009";"Maputo Provincia";"Agua Do Rio, Lago, Lagoa";45;5
2009;"IOF 2008-2009";"Maputo Provincia";"Outro";149;16,5555555555556
2009;"IOF 2008-2009";"Nampula";"Agua Canalizada Dentro Da Casa";44;2,79365079365079
2009;"IOF 2008-2009";"Nampula";"Agua Canalizada No Quintal";89;5,65079365079365
2009;"IOF 2008-2009";"Nampula";"Agua De Fontanario";162;10,2857142857143
2009;"IOF 2008-2009";"Nampula";"Agua Do Poco Ou Furo Com Bomba Manual";293;18,6031746031746
2009;"IOF 2008-2009";"Nampula";"Agua Do Poco Protegido Sem Bomba";628;39,8730158730159
2009;"IOF 2008-2009";"Nampula";"Agua Do Rio, Lago, Lagoa";358;22,7301587301587
2009;"IOF 2008-2009";"Nampula";"Outro";1;0,0634920634920635
2009;"IOF 2008-2009";"Niassa";"Agua Canalizada Dentro Da Casa";13;1,5970515970516
2009;"IOF 2008-2009";"Niassa";"Agua Canalizada No Quintal";32;3,93120393120393
2009;"IOF 2008-2009";"Niassa";"Agua De Fontanario";18;2,21130221130221
2009;"IOF 2008-2009";"Niassa";"Agua Do Poco Ou Furo Com Bomba Manual";278;34,1523341523341
2009;"IOF 2008-2009";"Niassa";"Agua Do Poco Protegido Sem Bomba";314;38,5749385749386
2009;"IOF 2008-2009";"Niassa";"Agua Do Rio, Lago, Lagoa";159;19,5331695331695
2009;"IOF 2008-2009";"Sofala";"Agua Canalizada Dentro Da Casa";59;6,93301997649824
2009;"IOF 2008-2009";"Sofala";"Agua Canalizada No Quintal";141;16,5687426556992
2009;"IOF 2008-2009";"Sofala";"Agua De Chuva";1;0,117508813160987
2009;"IOF 2008-2009";"Sofala";"Agua De Fontanario";103;12,1034077555817
2009;"IOF 2008-2009";"Sofala";"Agua Do Poco Ou Furo Com Bomba Manual";234;27,497062279671
2009;"IOF 2008-2009";"Sofala";"Agua Do Poco Protegido Sem Bomba";220;25,8519388954172
2009;"IOF 2008-2009";"Sofala";"Agua Do Rio, Lago, Lagoa";84;9,87074030552291
2009;"IOF 2008-2009";"Sofala";"Outro";9;1,05757931844888
2009;"IOF 2008-2009";"Tete";"Agua Canalizada Dentro Da Casa";4;0,520833333333333
2009;"IOF 2008-2009";"Tete";"Agua Canalizada No Quintal";71;9,24479166666667
2009;"IOF 2008-2009";"Tete";"Agua De Fontanario";104;13,5416666666667
2009;"IOF 2008-2009";"Tete";"Agua Do Poco Ou Furo Com Bomba Manual";204;26,5625
2009;"IOF 2008-2009";"Tete";"Agua Do Poco Protegido Sem Bomba";198;25,78125
2009;"IOF 2008-2009";"Tete";"Agua Do Rio, Lago, Lagoa";185;24,0885416666667
2009;"IOF 2008-2009";"Tete";"Agua Mineral/Agua Engarrafada";1;0,130208333333333
2009;"IOF 2008-2009";"Tete";"Outro";1;0,130208333333333
2009;"IOF 2008-2009";"Zambezia";"Agua Canalizada Dentro Da Casa";10;0,656598818122127
2009;"IOF 2008-2009";"Zambezia";"Agua Canalizada No Quintal";58;3,80827314510834
2009;"IOF 2008-2009";"Zambezia";"Agua De Fontanario";84;5,51543007222587
2009;"IOF 2008-2009";"Zambezia";"Agua Do Poco Ou Furo Com Bomba Manual";197;12,9349967170059
2009;"IOF 2008-2009";"Zambezia";"Agua Do Poco Protegido Sem Bomba";928;60,9323703217334
2009;"IOF 2008-2009";"Zambezia";"Agua Do Rio, Lago, Lagoa";242;15,8896913985555
2009;"IOF 2008-2009";"Zambezia";"Agua Mineral/Agua Engarrafada";1;0,0656598818122127
2009;"IOF 2008-2009";"Zambezia";"Outro";3;0,196979645436638
2011;"DHS 2011";"Cabo Delgado";"Borehole With Pump";122;9,55364134690681
2011;"DHS 2011";"Cabo Delgado";"Neighbor'S House";52;4,07204385277995
2011;"DHS 2011";"Cabo Delgado";"Piped Into Dwelling";10;0,783085356303837
2011;"DHS 2011";"Cabo Delgado";"Piped To Yard/Plot";54;4,22866092404072
2011;"DHS 2011";"Cabo Delgado";"Protected Well";111;8,69224745497259
2011;"DHS 2011";"Cabo Delgado";"Public Tap/Standpipe";126;9,86687548942835
2011;"DHS 2011";"Cabo Delgado";"Rainwater";7;0,548159749412686
2011;"DHS 2011";"Cabo Delgado";"River/Dam/Lake/Ponds/Stream/Canal/Irrigation Channel";120;9,39702427564605
2011;"DHS 2011";"Cabo Delgado";"Tanker Truck";9;0,704776820673453
2011;"DHS 2011";"Cabo Delgado";"Unprotected Well";666;52,1534847298356
2011;"DHS 2011";"Gaza";"Borehole With Pump";156;13,1756756756757
2011;"DHS 2011";"Gaza";"Neighbor'S House";108;9,12162162162162
2011;"DHS 2011";"Gaza";"Piped Into Dwelling";22;1,85810810810811
2011;"DHS 2011";"Gaza";"Piped To Yard/Plot";167;14,1047297297297
2011;"DHS 2011";"Gaza";"Protected Well";72;6,08108108108108
2011;"DHS 2011";"Gaza";"Public Tap/Standpipe";248;20,9459459459459
2011;"DHS 2011";"Gaza";"Rainwater";58;4,89864864864865
2011;"DHS 2011";"Gaza";"River/Dam/Lake/Ponds/Stream/Canal/Irrigation Channel";91;7,68581081081081
2011;"DHS 2011";"Gaza";"Unprotected Well";262;22,1283783783784
2011;"DHS 2011";"Inhambane";"Borehole With Pump";176;14,7157190635452
2011;"DHS 2011";"Inhambane";"Neighbor'S House";52;4,34782608695652
2011;"DHS 2011";"Inhambane";"Piped Into Dwelling";10;0,836120401337793
2011;"DHS 2011";"Inhambane";"Piped To Yard/Plot";109;9,11371237458194
2011;"DHS 2011";"Inhambane";"Protected Well";141;11,7892976588629
2011;"DHS 2011";"Inhambane";"Public Tap/Standpipe";148;12,3745819397993
2011;"DHS 2011";"Inhambane";"Rainwater";92;7,69230769230769
2011;"DHS 2011";"Inhambane";"River/Dam/Lake/Ponds/Stream/Canal/Irrigation Channel";89;7,44147157190636
2011;"DHS 2011";"Inhambane";"Tanker Truck";10;0,836120401337793
2011;"DHS 2011";"Inhambane";"Unprotected Well";369;30,8528428093645
2011;"DHS 2011";"Manica";"Borehole With Pump";274;23,0058774139379
2011;"DHS 2011";"Manica";"Bottled Water";1;0,0839630562552477
2011;"DHS 2011";"Manica";"Neighbor'S House";73;6,12930310663308
2011;"DHS 2011";"Manica";"Other";5;0,419815281276238
2011;"DHS 2011";"Manica";"Piped Into Dwelling";18;1,51133501259446
2011;"DHS 2011";"Manica";"Piped To Yard/Plot";35;2,93870696893367
2011;"DHS 2011";"Manica";"Protected Well";147;12,3425692695214
2011;"DHS 2011";"Manica";"Public Tap/Standpipe";413;34,6767422334173
2011;"DHS 2011";"Manica";"River/Dam/Lake/Ponds/Stream/Canal/Irrigation Channel";87;7,30478589420655
2011;"DHS 2011";"Manica";"Tanker Truck";1;0,0839630562552477
2011;"DHS 2011";"Manica";"Unprotected Well";137;11,5029387069689
2011;"DHS 2011";"Maputo Cidade";"Borehole With Pump";12;0,925212027756361
2011;"DHS 2011";"Maputo Cidade";"Bottled Water";32;2,46723207401696
2011;"DHS 2011";"Maputo Cidade";"Neighbor'S House";222;17,1164225134927
2011;"DHS 2011";"Maputo Cidade";"Piped Into Dwelling";341;26,2914417887433
2011;"DHS 2011";"Maputo Cidade";"Piped To Yard/Plot";498;38,396299151889
2011;"DHS 2011";"Maputo Cidade";"Protected Well";17;1,31071703932151
2011;"DHS 2011";"Maputo Cidade";"Public Tap/Standpipe";159;12,2590593677718
2011;"DHS 2011";"Maputo Cidade";"River/Dam/Lake/Ponds/Stream/Canal/Irrigation Channel";2;0,15420200462606
2011;"DHS 2011";"Maputo Cidade";"Unprotected Well";14;1,07941403238242
2011;"DHS 2011";"Maputo Provincia";"Borehole With Pump";55;4,25038639876352
2011;"DHS 2011";"Maputo Provincia";"Bottled Water";12;0,927357032457496
2011;"DHS 2011";"Maputo Provincia";"Neighbor'S House";249;19,242658423493
2011;"DHS 2011";"Maputo Provincia";"Other";23;1,7774343122102
2011;"DHS 2011";"Maputo Provincia";"Piped Into Dwelling";48;3,70942812982998
2011;"DHS 2011";"Maputo Provincia";"Piped To Yard/Plot";523;40,4173106646059
2011;"DHS 2011";"Maputo Provincia";"Protected Well";48;3,70942812982998
2011;"DHS 2011";"Maputo Provincia";"Public Tap/Standpipe";164;12,6738794435858
2011;"DHS 2011";"Maputo Provincia";"River/Dam/Lake/Ponds/Stream/Canal/Irrigation Channel";52;4,01854714064915
2011;"DHS 2011";"Maputo Provincia";"Tanker Truck";8;0,618238021638331
2011;"DHS 2011";"Maputo Provincia";"Unprotected Well";112;8,65533230293663
2011;"DHS 2011";"Nampula";"Borehole With Pump";7;0,502873563218391
2011;"DHS 2011";"Nampula";"Bottled Water";1;0,0718390804597701
2011;"DHS 2011";"Nampula";"Neighbor'S House";69;4,95689655172414
2011;"DHS 2011";"Nampula";"Piped Into Dwelling";19;1,36494252873563
2011;"DHS 2011";"Nampula";"Piped To Yard/Plot";42;3,01724137931034
2011;"DHS 2011";"Nampula";"Protected Well";64;4,59770114942529
2011;"DHS 2011";"Nampula";"Public Tap/Standpipe";303;21,7672413793103
2011;"DHS 2011";"Nampula";"River/Dam/Lake/Ponds/Stream/Canal/Irrigation Channel";177;12,7155172413793
2011;"DHS 2011";"Nampula";"Tanker Truck";1;0,0718390804597701
2011;"DHS 2011";"Nampula";"Unprotected Well";709;50,933908045977
2011;"DHS 2011";"Niassa";"Borehole With Pump";229;19,1953059513831
2011;"DHS 2011";"Niassa";"Neighbor'S House";24;2,01173512154233
2011;"DHS 2011";"Niassa";"Piped Into Dwelling";11;0,922045264040235
2011;"DHS 2011";"Niassa";"Piped To Yard/Plot";22;1,84409052808047
2011;"DHS 2011";"Niassa";"Protected Well";116;9,72338642078793
2011;"DHS 2011";"Niassa";"Public Tap/Standpipe";124;10,3939647946354
2011;"DHS 2011";"Niassa";"River/Dam/Lake/Ponds/Stream/Canal/Irrigation Channel";295;24,7275775356245
2011;"DHS 2011";"Niassa";"Unprotected Well";372;31,1818943839061
2011;"DHS 2011";"Sofala";"Borehole With Pump";191;14,6136189747513
2011;"DHS 2011";"Sofala";"Bottled Water";8;0,612088752869166
2011;"DHS 2011";"Sofala";"Neighbor'S House";125;9,56388676358072
2011;"DHS 2011";"Sofala";"Other";4;0,306044376434583
2011;"DHS 2011";"Sofala";"Piped Into Dwelling";64;4,89671002295333
2011;"DHS 2011";"Sofala";"Piped To Yard/Plot";130;9,94644223412395
2011;"DHS 2011";"Sofala";"Protected Well";45;3,44299923488906
2011;"DHS 2011";"Sofala";"Public Tap/Standpipe";271;20,734506503443
2011;"DHS 2011";"Sofala";"River/Dam/Lake/Ponds/Stream/Canal/Irrigation Channel";153;11,7061973986228
2011;"DHS 2011";"Sofala";"Unprotected Well";316;24,1775057383321
2011;"DHS 2011";"Tete";"Borehole With Pump";220;18,3792815371763
2011;"DHS 2011";"Tete";"Bottled Water";1;0,0835421888053467
2011;"DHS 2011";"Tete";"Neighbor'S House";70;5,84795321637427
2011;"DHS 2011";"Tete";"Other";6;0,50125313283208
2011;"DHS 2011";"Tete";"Piped Into Dwelling";36;3,00751879699248
2011;"DHS 2011";"Tete";"Piped To Yard/Plot";45;3,7593984962406
2011;"DHS 2011";"Tete";"Protected Well";58;4,84544695071011
2011;"DHS 2011";"Tete";"Public Tap/Standpipe";130;10,8604845446951
2011;"DHS 2011";"Tete";"River/Dam/Lake/Ponds/Stream/Canal/Irrigation Channel";359;29,9916457811195
2011;"DHS 2011";"Tete";"Unprotected Well";272;22,7234753550543
2011;"DHS 2011";"Zambezia";"Borehole With Pump";211;15,1689432063264
2011;"DHS 2011";"Zambezia";"Neighbor'S House";38;2,73184759166068
2011;"DHS 2011";"Zambezia";"Piped Into Dwelling";3;0,215672178289001
2011;"DHS 2011";"Zambezia";"Piped To Yard/Plot";20;1,43781452192667
2011;"DHS 2011";"Zambezia";"Protected Well";61;4,38533429187635
2011;"DHS 2011";"Zambezia";"Public Tap/Standpipe";35;2,51617541337168
2011;"DHS 2011";"Zambezia";"River/Dam/Lake/Ponds/Stream/Canal/Irrigation Channel";380;27,3184759166068
2011;"DHS 2011";"Zambezia";"Unprotected Well";643;46,2257368799425
2015;"AIS 2015";"Cabo Delgado";"Borehole With Pump";21;3,45394736842105
2015;"AIS 2015";"Cabo Delgado";"Bottled Water";2;0,328947368421053
2015;"AIS 2015";"Cabo Delgado";"Neighbor'S House";38;6,25
2015;"AIS 2015";"Cabo Delgado";"Other";1;0,164473684210526
2015;"AIS 2015";"Cabo Delgado";"Piped Into Dwelling";10;1,64473684210526
2015;"AIS 2015";"Cabo Delgado";"Piped To Yard/Plot";39;6,41447368421053
2015;"AIS 2015";"Cabo Delgado";"Protected Well";112;18,4210526315789
2015;"AIS 2015";"Cabo Delgado";"Public Tap/Standpipe";112;18,4210526315789
2015;"AIS 2015";"Cabo Delgado";"Rainwater";3;0,493421052631579
2015;"AIS 2015";"Cabo Delgado";"River/Dam/Lake/Ponds/Stream/Canal/Irrigation Channel";53;8,71710526315789
2015;"AIS 2015";"Cabo Delgado";"Tanker Truck";6;0,986842105263158
2015;"AIS 2015";"Cabo Delgado";"Unprotected Well";211;34,703947368421
2015;"AIS 2015";"Gaza";"Borehole With Pump";125;15,9235668789809
2015;"AIS 2015";"Gaza";"Bottled Water";1;0,127388535031847
2015;"AIS 2015";"Gaza";"Neighbor'S House";57;7,26114649681529
2015;"AIS 2015";"Gaza";"Piped Into Dwelling";12;1,52866242038217
2015;"AIS 2015";"Gaza";"Piped To Yard/Plot";214;27,2611464968153
2015;"AIS 2015";"Gaza";"Protected Well";49;6,24203821656051
2015;"AIS 2015";"Gaza";"Public Tap/Standpipe";126;16,0509554140127
2015;"AIS 2015";"Gaza";"Rainwater";12;1,52866242038217
2015;"AIS 2015";"Gaza";"River/Dam/Lake/Ponds/Stream/Canal/Irrigation Channel";70;8,9171974522293
2015;"AIS 2015";"Gaza";"Tanker Truck";1;0,127388535031847
2015;"AIS 2015";"Gaza";"Unprotected Well";118;15,031847133758
2015;"AIS 2015";"Inhambane";"Borehole With Pump";163;26,9867549668874
2015;"AIS 2015";"Inhambane";"Neighbor'S House";28;4,63576158940397
2015;"AIS 2015";"Inhambane";"Other";1;0,165562913907285
2015;"AIS 2015";"Inhambane";"Piped Into Dwelling";59;9,7682119205298
2015;"AIS 2015";"Inhambane";"Piped To Yard/Plot";71;11,7549668874172
2015;"AIS 2015";"Inhambane";"Protected Well";28;4,63576158940397
2015;"AIS 2015";"Inhambane";"Public Tap/Standpipe";89;14,7350993377483
2015;"AIS 2015";"Inhambane";"Rainwater";4;0,662251655629139
2015;"AIS 2015";"Inhambane";"River/Dam/Lake/Ponds/Stream/Canal/Irrigation Channel";31;5,13245033112583
2015;"AIS 2015";"Inhambane";"Tanker Truck";1;0,165562913907285
2015;"AIS 2015";"Inhambane";"Unprotected Well";129;21,3576158940397
2015;"AIS 2015";"Manica";"Borehole With Pump";145;23,4248788368336
2015;"AIS 2015";"Manica";"Neighbor'S House";36;5,81583198707593
2015;"AIS 2015";"Manica";"Piped Into Dwelling";9;1,45395799676898
2015;"AIS 2015";"Manica";"Piped To Yard/Plot";117;18,9014539579968
2015;"AIS 2015";"Manica";"Protected Well";37;5,97738287560582
2015;"AIS 2015";"Manica";"Public Tap/Standpipe";53;8,56219709208401
2015;"AIS 2015";"Manica";"River/Dam/Lake/Ponds/Stream/Canal/Irrigation Channel";65;10,5008077544426
2015;"AIS 2015";"Manica";"Unprotected Well";157;25,3634894991922
2015;"AIS 2015";"Maputo Cidade";"Borehole With Pump";31;5,30821917808219
2015;"AIS 2015";"Maputo Cidade";"Bottled Water";44;7,53424657534247
2015;"AIS 2015";"Maputo Cidade";"Neighbor'S House";59;10,1027397260274
2015;"AIS 2015";"Maputo Cidade";"Piped Into Dwelling";124;21,2328767123288
2015;"AIS 2015";"Maputo Cidade";"Piped To Yard/Plot";313;53,5958904109589
2015;"AIS 2015";"Maputo Cidade";"Protected Well";6;1,02739726027397
2015;"AIS 2015";"Maputo Cidade";"Public Tap/Standpipe";4;0,684931506849315
2015;"AIS 2015";"Maputo Cidade";"River/Dam/Lake/Ponds/Stream/Canal/Irrigation Channel";3;0,513698630136986
2015;"AIS 2015";"Maputo Provincia";"Borehole With Pump";12;1,95439739413681
2015;"AIS 2015";"Maputo Provincia";"Neighbor'S House";96;15,6351791530945
2015;"AIS 2015";"Maputo Provincia";"Piped Into Dwelling";79;12,8664495114007
2015;"AIS 2015";"Maputo Provincia";"Piped To Yard/Plot";298;48,5342019543974
2015;"AIS 2015";"Maputo Provincia";"Protected Well";21;3,42019543973941
2015;"AIS 2015";"Maputo Provincia";"Public Tap/Standpipe";45;7,32899022801303
2015;"AIS 2015";"Maputo Provincia";"Rainwater";2;0,325732899022801
2015;"AIS 2015";"Maputo Provincia";"River/Dam/Lake/Ponds/Stream/Canal/Irrigation Channel";5;0,814332247557003
2015;"AIS 2015";"Maputo Provincia";"Tanker Truck";1;0,162866449511401
2015;"AIS 2015";"Maputo Provincia";"Unprotected Well";55;8,95765472312704
2015;"AIS 2015";"Nampula";"Borehole With Pump";54;6,826801517067
2015;"AIS 2015";"Nampula";"Bottled Water";3;0,379266750948167
2015;"AIS 2015";"Nampula";"Neighbor'S House";74;9,35524652338812
2015;"AIS 2015";"Nampula";"Piped Into Dwelling";28;3,53982300884956
2015;"AIS 2015";"Nampula";"Piped To Yard/Plot";26;3,28697850821745
2015;"AIS 2015";"Nampula";"Protected Well";110;13,9064475347661
2015;"AIS 2015";"Nampula";"Public Tap/Standpipe";227;28,6978508217446
2015;"AIS 2015";"Nampula";"River/Dam/Lake/Ponds/Stream/Canal/Irrigation Channel";116;14,6649810366625
2015;"AIS 2015";"Nampula";"Unprotected Well";153;19,3426042983565
2015;"AIS 2015";"Niassa";"Borehole With Pump";76;12,4183006535948
2015;"AIS 2015";"Niassa";"Neighbor'S House";38;6,20915032679739
2015;"AIS 2015";"Niassa";"Piped Into Dwelling";10;1,63398692810458
2015;"AIS 2015";"Niassa";"Piped To Yard/Plot";18;2,94117647058824
2015;"AIS 2015";"Niassa";"Protected Well";134;21,8954248366013
2015;"AIS 2015";"Niassa";"Public Tap/Standpipe";90;14,7058823529412
2015;"AIS 2015";"Niassa";"River/Dam/Lake/Ponds/Stream/Canal/Irrigation Channel";119;19,4444444444444
2015;"AIS 2015";"Niassa";"Unprotected Well";127;20,7516339869281
2015;"AIS 2015";"Sofala";"Borehole With Pump";112;18,2707993474715
2015;"AIS 2015";"Sofala";"Bottled Water";2;0,32626427406199
2015;"AIS 2015";"Sofala";"Neighbor'S House";71;11,5823817292007
2015;"AIS 2015";"Sofala";"Piped Into Dwelling";23;3,75203915171289
2015;"AIS 2015";"Sofala";"Piped To Yard/Plot";112;18,2707993474715
2015;"AIS 2015";"Sofala";"Protected Well";47;7,66721044045677
2015;"AIS 2015";"Sofala";"Public Tap/Standpipe";112;18,2707993474715
2015;"AIS 2015";"Sofala";"Rainwater";1;0,163132137030995
2015;"AIS 2015";"Sofala";"River/Dam/Lake/Ponds/Stream/Canal/Irrigation Channel";46;7,50407830342577
2015;"AIS 2015";"Sofala";"Tanker Truck";1;0,163132137030995
2015;"AIS 2015";"Sofala";"Unprotected Well";86;14,0293637846656
2015;"AIS 2015";"Tete";"Borehole With Pump";138;22,6973684210526
2015;"AIS 2015";"Tete";"Bottled Water";2;0,328947368421053
2015;"AIS 2015";"Tete";"Neighbor'S House";53;8,71710526315789
2015;"AIS 2015";"Tete";"Piped Into Dwelling";25;4,11184210526316
2015;"AIS 2015";"Tete";"Piped To Yard/Plot";56;9,21052631578947
2015;"AIS 2015";"Tete";"Protected Well";39;6,41447368421053
2015;"AIS 2015";"Tete";"Public Tap/Standpipe";14;2,30263157894737
2015;"AIS 2015";"Tete";"River/Dam/Lake/Ponds/Stream/Canal/Irrigation Channel";214;35,1973684210526
2015;"AIS 2015";"Tete";"Unprotected Well";67;11,0197368421053
2015;"AIS 2015";"Zambezia";"Borehole With Pump";101;13,8166894664843
2015;"AIS 2015";"Zambezia";"Neighbor'S House";21;2,87277701778386
2015;"AIS 2015";"Zambezia";"Piped Into Dwelling";5;0,683994528043776
2015;"AIS 2015";"Zambezia";"Piped To Yard/Plot";14;1,91518467852257
2015;"AIS 2015";"Zambezia";"Protected Well";98;13,406292749658
2015;"AIS 2015";"Zambezia";"Public Tap/Standpipe";62;8,48153214774282
2015;"AIS 2015";"Zambezia";"River/Dam/Lake/Ponds/Stream/Canal/Irrigation Channel";188;25,718194254446
2015;"AIS 2015";"Zambezia";"Tanker Truck";1;0,136798905608755
2015;"AIS 2015";"Zambezia";"Unprotected Well";241;32,96853625171
2015;"IOF 2014-2015";"";"";8;100
2015;"IOF 2014-2015";"Cabo Delgado";"<c1>Gua Canalizada Dentro  Da Casa";9;0,9375
2015;"IOF 2014-2015";"Cabo Delgado";"<c1>Gua Canalizada Na Casa Do Vizinho";112;11,6666666666667
2015;"IOF 2014-2015";"Cabo Delgado";"<c1>Gua Canalizada No Quintal";79;8,22916666666667
2015;"IOF 2014-2015";"Cabo Delgado";"<c1>Gua Da Chuva";10;1,04166666666667
2015;"IOF 2014-2015";"Cabo Delgado";"<c1>Gua Da Cisterna (Ou Tanque M<d3>Vel Ou Cami<c3>O)";2;0,208333333333333
2015;"IOF 2014-2015";"Cabo Delgado";"<c1>Gua De Nascentes N<c3>O Protegidas";22;2,29166666666667
2015;"IOF 2014-2015";"Cabo Delgado";"<c1>Gua Do  Furo";172;17,9166666666667
2015;"IOF 2014-2015";"Cabo Delgado";"<c1>Gua Do Fontan<c1>Rio";84;8,75
2015;"IOF 2014-2015";"Cabo Delgado";"<c1>Gua Do Po<c7>O Com Bomba Manual";76;7,91666666666667
2015;"IOF 2014-2015";"Cabo Delgado";"<c1>Gua Do Po<c7>O N<c3>O Protegido";259;26,9791666666667
2015;"IOF 2014-2015";"Cabo Delgado";"<c1>Gua Do Po<c7>O Protegido Sem Bomba";47;4,89583333333333
2015;"IOF 2014-2015";"Cabo Delgado";"<c1>Gua Do Rio, Lago, Lagoa";87;9,0625
2015;"IOF 2014-2015";"Cabo Delgado";"<c1>Gua Em Garrafa";1;0,104166666666667
2015;"IOF 2014-2015";"Gaza";"<c1>Gua Canalizada Dentro  Da Casa";33;4,01459854014599
2015;"IOF 2014-2015";"Gaza";"<c1>Gua Canalizada Na Casa Do Vizinho";87;10,5839416058394
2015;"IOF 2014-2015";"Gaza";"<c1>Gua Canalizada No Quintal";254;30,9002433090024
2015;"IOF 2014-2015";"Gaza";"<c1>Gua Da Chuva";12;1,45985401459854
2015;"IOF 2014-2015";"Gaza";"<c1>Gua Da Cisterna (Ou Tanque M<d3>Vel Ou Cami<c3>O)";1;0,121654501216545
2015;"IOF 2014-2015";"Gaza";"<c1>Gua Do  Furo";88;10,705596107056
2015;"IOF 2014-2015";"Gaza";"<c1>Gua Do Fontan<c1>Rio";129;15,6934306569343
2015;"IOF 2014-2015";"Gaza";"<c1>Gua Do Po<c7>O Com Bomba Manual";80;9,7323600973236
2015;"IOF 2014-2015";"Gaza";"<c1>Gua Do Po<c7>O N<c3>O Protegido";72;8,75912408759124
2015;"IOF 2014-2015";"Gaza";"<c1>Gua Do Po<c7>O Protegido Sem Bomba";32;3,89294403892944
2015;"IOF 2014-2015";"Gaza";"<c1>Gua Do Rio, Lago, Lagoa";23;2,79805352798054
2015;"IOF 2014-2015";"Gaza";"<c1>Gua Em Garrafa";1;0,121654501216545
2015;"IOF 2014-2015";"Gaza";"Outro";10;1,21654501216545
2015;"IOF 2014-2015";"Inhambane";"<c1>Gua Canalizada Dentro  Da Casa";12;1,4018691588785
2015;"IOF 2014-2015";"Inhambane";"<c1>Gua Canalizada Na Casa Do Vizinho";62;7,24299065420561
2015;"IOF 2014-2015";"Inhambane";"<c1>Gua Canalizada No Quintal";208;24,2990654205607
2015;"IOF 2014-2015";"Inhambane";"<c1>Gua Da Chuva";31;3,6214953271028
2015;"IOF 2014-2015";"Inhambane";"<c1>Gua Da Cisterna (Ou Tanque M<d3>Vel Ou Cami<c3>O)";10;1,16822429906542
2015;"IOF 2014-2015";"Inhambane";"<c1>Gua De Nascentes N<c3>O Protegidas";10;1,16822429906542
2015;"IOF 2014-2015";"Inhambane";"<c1>Gua Do  Furo";66;7,71028037383178
2015;"IOF 2014-2015";"Inhambane";"<c1>Gua Do Fontan<c1>Rio";92;10,7476635514019
2015;"IOF 2014-2015";"Inhambane";"<c1>Gua Do Po<c7>O Com Bomba Manual";100;11,6822429906542
2015;"IOF 2014-2015";"Inhambane";"<c1>Gua Do Po<c7>O N<c3>O Protegido";158;18,4579439252336
2015;"IOF 2014-2015";"Inhambane";"<c1>Gua Do Po<c7>O Protegido Sem Bomba";89;10,3971962616822
2015;"IOF 2014-2015";"Inhambane";"<c1>Gua Do Rio, Lago, Lagoa";18;2,10280373831776
2015;"IOF 2014-2015";"Manica";"<c1>Gua Canalizada Dentro  Da Casa";16;1,8018018018018
2015;"IOF 2014-2015";"Manica";"<c1>Gua Canalizada Na Casa Do Vizinho";84;9,45945945945946
2015;"IOF 2014-2015";"Manica";"<c1>Gua Canalizada No Quintal";205;23,0855855855856
2015;"IOF 2014-2015";"Manica";"<c1>Gua De Nascentes N<c3>O Protegidas";42;4,72972972972973
2015;"IOF 2014-2015";"Manica";"<c1>Gua Do  Furo";168;18,9189189189189
2015;"IOF 2014-2015";"Manica";"<c1>Gua Do Fontan<c1>Rio";39;4,39189189189189
2015;"IOF 2014-2015";"Manica";"<c1>Gua Do Po<c7>O Com Bomba Manual";46;5,18018018018018
2015;"IOF 2014-2015";"Manica";"<c1>Gua Do Po<c7>O N<c3>O Protegido";157;17,6801801801802
2015;"IOF 2014-2015";"Manica";"<c1>Gua Do Po<c7>O Protegido Sem Bomba";54;6,08108108108108
2015;"IOF 2014-2015";"Manica";"<c1>Gua Do Rio, Lago, Lagoa";75;8,44594594594595
2015;"IOF 2014-2015";"Manica";"<c1>Gua Em Garrafa";1;0,112612612612613
2015;"IOF 2014-2015";"Manica";"Outro";1;0,112612612612613
2015;"IOF 2014-2015";"Maputo Cidade";"<c1>Gua Canalizada Dentro  Da Casa";220;20,3515263644773
2015;"IOF 2014-2015";"Maputo Cidade";"<c1>Gua Canalizada Na Casa Do Vizinho";112;10,3607770582794
2015;"IOF 2014-2015";"Maputo Cidade";"<c1>Gua Canalizada No Quintal";698;64,5698427382054
2015;"IOF 2014-2015";"Maputo Cidade";"<c1>Gua Do  Furo";5;0,462534690101758
2015;"IOF 2014-2015";"Maputo Cidade";"<c1>Gua Do Fontan<c1>Rio";9;0,832562442183164
2015;"IOF 2014-2015";"Maputo Cidade";"<c1>Gua Do Po<c7>O Com Bomba Manual";7;0,647548566142461
2015;"IOF 2014-2015";"Maputo Cidade";"<c1>Gua Do Po<c7>O N<c3>O Protegido";2;0,185013876040703
2015;"IOF 2014-2015";"Maputo Cidade";"<c1>Gua Do Po<c7>O Protegido Sem Bomba";3;0,277520814061055
2015;"IOF 2014-2015";"Maputo Cidade";"<c1>Gua Em Garrafa";25;2,31267345050879
2015;"IOF 2014-2015";"Maputo Provincia";"<c1>Gua Canalizada Dentro  Da Casa";74;7,09491850431448
2015;"IOF 2014-2015";"Maputo Provincia";"<c1>Gua Canalizada Na Casa Do Vizinho";146;13,9980824544583
2015;"IOF 2014-2015";"Maputo Provincia";"<c1>Gua Canalizada No Quintal";555;53,2118887823586
2015;"IOF 2014-2015";"Maputo Provincia";"<c1>Gua Da Chuva";8;0,767018216682646
2015;"IOF 2014-2015";"Maputo Provincia";"<c1>Gua Da Cisterna (Ou Tanque M<d3>Vel Ou Cami<c3>O)";4;0,383509108341323
2015;"IOF 2014-2015";"Maputo Provincia";"<c1>Gua De Nascentes N<c3>O Protegidas";6;0,575263662511985
2015;"IOF 2014-2015";"Maputo Provincia";"<c1>Gua De Nascentes Protegidas";5;0,479386385426654
2015;"IOF 2014-2015";"Maputo Provincia";"<c1>Gua Do  Furo";41;3,93096836049856
2015;"IOF 2014-2015";"Maputo Provincia";"<c1>Gua Do Fontan<c1>Rio";48;4,60210930009588
2015;"IOF 2014-2015";"Maputo Provincia";"<c1>Gua Do Po<c7>O Com Bomba Manual";23;2,20517737296261
2015;"IOF 2014-2015";"Maputo Provincia";"<c1>Gua Do Po<c7>O N<c3>O Protegido";16;1,53403643336529
2015;"IOF 2014-2015";"Maputo Provincia";"<c1>Gua Do Po<c7>O Protegido Sem Bomba";44;4,21860019175455
2015;"IOF 2014-2015";"Maputo Provincia";"<c1>Gua Do Rio, Lago, Lagoa";67;6,42377756471716
2015;"IOF 2014-2015";"Maputo Provincia";"<c1>Gua Em Garrafa";6;0,575263662511985
2015;"IOF 2014-2015";"Nampula";"<c1>Gua Canalizada Dentro  Da Casa";4;0,272108843537415
2015;"IOF 2014-2015";"Nampula";"<c1>Gua Canalizada Na Casa Do Vizinho";229;15,578231292517
2015;"IOF 2014-2015";"Nampula";"<c1>Gua Canalizada No Quintal";95;6,46258503401361
2015;"IOF 2014-2015";"Nampula";"<c1>Gua Da Chuva";3;0,204081632653061
2015;"IOF 2014-2015";"Nampula";"<c1>Gua Da Cisterna (Ou Tanque M<d3>Vel Ou Cami<c3>O)";11;0,748299319727891
2015;"IOF 2014-2015";"Nampula";"<c1>Gua De Nascentes N<c3>O Protegidas";2;0,136054421768707
2015;"IOF 2014-2015";"Nampula";"<c1>Gua Do  Furo";40;2,72108843537415
2015;"IOF 2014-2015";"Nampula";"<c1>Gua Do Fontan<c1>Rio";218;14,8299319727891
2015;"IOF 2014-2015";"Nampula";"<c1>Gua Do Po<c7>O Com Bomba Manual";104;7,07482993197279
2015;"IOF 2014-2015";"Nampula";"<c1>Gua Do Po<c7>O N<c3>O Protegido";397;27,0068027210884
2015;"IOF 2014-2015";"Nampula";"<c1>Gua Do Po<c7>O Protegido Sem Bomba";83;5,64625850340136
2015;"IOF 2014-2015";"Nampula";"<c1>Gua Do Rio, Lago, Lagoa";283;19,2517006802721
2015;"IOF 2014-2015";"Nampula";"Outro";1;0,0680272108843537
2015;"IOF 2014-2015";"Niassa";"<c1>Gua Canalizada Dentro  Da Casa";3;0,347624565469293
2015;"IOF 2014-2015";"Niassa";"<c1>Gua Canalizada Na Casa Do Vizinho";55;6,37311703360371
2015;"IOF 2014-2015";"Niassa";"<c1>Gua Canalizada No Quintal";40;4,63499420625724
2015;"IOF 2014-2015";"Niassa";"<c1>Gua Da Chuva";2;0,231749710312862
2015;"IOF 2014-2015";"Niassa";"<c1>Gua Da Cisterna (Ou Tanque M<d3>Vel Ou Cami<c3>O)";1;0,115874855156431
2015;"IOF 2014-2015";"Niassa";"<c1>Gua De Nascentes N<c3>O Protegidas";29;3,3603707995365
2015;"IOF 2014-2015";"Niassa";"<c1>Gua De Nascentes Protegidas";3;0,347624565469293
2015;"IOF 2014-2015";"Niassa";"<c1>Gua Do  Furo";107;12,3986095017381
2015;"IOF 2014-2015";"Niassa";"<c1>Gua Do Fontan<c1>Rio";104;12,0509849362688
2015;"IOF 2014-2015";"Niassa";"<c1>Gua Do Po<c7>O Com Bomba Manual";83;9,61761297798378
2015;"IOF 2014-2015";"Niassa";"<c1>Gua Do Po<c7>O N<c3>O Protegido";228;26,4194669756663
2015;"IOF 2014-2015";"Niassa";"<c1>Gua Do Po<c7>O Protegido Sem Bomba";76;8,80648899188876
2015;"IOF 2014-2015";"Niassa";"<c1>Gua Do Rio, Lago, Lagoa";132;15,2954808806489
2015;"IOF 2014-2015";"Sofala";"<c1>Gua Canalizada Dentro  Da Casa";63;6,3894523326572
2015;"IOF 2014-2015";"Sofala";"<c1>Gua Canalizada Na Casa Do Vizinho";150;15,2129817444219
2015;"IOF 2014-2015";"Sofala";"<c1>Gua Canalizada No Quintal";241;24,4421906693712
2015;"IOF 2014-2015";"Sofala";"<c1>Gua De Nascentes Protegidas";1;0,101419878296146
2015;"IOF 2014-2015";"Sofala";"<c1>Gua Do  Furo";58;5,88235294117647
2015;"IOF 2014-2015";"Sofala";"<c1>Gua Do Fontan<c1>Rio";179;18,1541582150101
2015;"IOF 2014-2015";"Sofala";"<c1>Gua Do Po<c7>O Com Bomba Manual";85;8,62068965517241
2015;"IOF 2014-2015";"Sofala";"<c1>Gua Do Po<c7>O N<c3>O Protegido";102;10,3448275862069
2015;"IOF 2014-2015";"Sofala";"<c1>Gua Do Po<c7>O Protegido Sem Bomba";62;6,28803245436105
2015;"IOF 2014-2015";"Sofala";"<c1>Gua Do Rio, Lago, Lagoa";44;4,46247464503043
2015;"IOF 2014-2015";"Sofala";"<c1>Gua Em Garrafa";1;0,101419878296146
2015;"IOF 2014-2015";"Tete";"<c1>Gua Canalizada Dentro  Da Casa";34;3,4729315628192
2015;"IOF 2014-2015";"Tete";"<c1>Gua Canalizada Na Casa Do Vizinho";92;9,3973442288049
2015;"IOF 2014-2015";"Tete";"<c1>Gua Canalizada No Quintal";157;16,0367722165475
2015;"IOF 2014-2015";"Tete";"<c1>Gua Da Cisterna (Ou Tanque M<d3>Vel Ou Cami<c3>O)";1;0,102145045965271
2015;"IOF 2014-2015";"Tete";"<c1>Gua De Nascentes N<c3>O Protegidas";23;2,34933605720123
2015;"IOF 2014-2015";"Tete";"<c1>Gua De Nascentes Protegidas";15;1,53217568947906
2015;"IOF 2014-2015";"Tete";"<c1>Gua Do  Furo";131;13,3810010214505
2015;"IOF 2014-2015";"Tete";"<c1>Gua Do Fontan<c1>Rio";85;8,68232890704801
2015;"IOF 2014-2015";"Tete";"<c1>Gua Do Po<c7>O Com Bomba Manual";130;13,2788559754852
2015;"IOF 2014-2015";"Tete";"<c1>Gua Do Po<c7>O N<c3>O Protegido";162;16,5474974463739
2015;"IOF 2014-2015";"Tete";"<c1>Gua Do Po<c7>O Protegido Sem Bomba";40;4,08580183861083
2015;"IOF 2014-2015";"Tete";"<c1>Gua Do Rio, Lago, Lagoa";109;11,1338100102145
2015;"IOF 2014-2015";"Zambezia";"<c1>Gua Canalizada Dentro  Da Casa";9;0,580645161290323
2015;"IOF 2014-2015";"Zambezia";"<c1>Gua Canalizada Na Casa Do Vizinho";108;6,96774193548387
2015;"IOF 2014-2015";"Zambezia";"<c1>Gua Canalizada No Quintal";86;5,54838709677419
2015;"IOF 2014-2015";"Zambezia";"<c1>Gua Da Chuva";1;0,0645161290322581
2015;"IOF 2014-2015";"Zambezia";"<c1>Gua De Nascentes N<c3>O Protegidas";23;1,48387096774194
2015;"IOF 2014-2015";"Zambezia";"<c1>Gua De Nascentes Protegidas";3;0,193548387096774
2015;"IOF 2014-2015";"Zambezia";"<c1>Gua Do  Furo";46;2,96774193548387
2015;"IOF 2014-2015";"Zambezia";"<c1>Gua Do Fontan<c1>Rio";151;9,74193548387097
2015;"IOF 2014-2015";"Zambezia";"<c1>Gua Do Po<c7>O Com Bomba Manual";164;10,5806451612903
2015;"IOF 2014-2015";"Zambezia";"<c1>Gua Do Po<c7>O N<c3>O Protegido";609;39,2903225806452
2015;"IOF 2014-2015";"Zambezia";"<c1>Gua Do Po<c7>O Protegido Sem Bomba";82;5,29032258064516
2015;"IOF 2014-2015";"Zambezia";"<c1>Gua Do Rio, Lago, Lagoa";267;17,2258064516129
2015;"IOF 2014-2015";"Zambezia";"<c1>Gua Em Garrafa";1;0,0645161290322581
